-- phpMyAdmin SQL Dump
-- version 5.0.2
-- https://www.phpmyadmin.net/
--
-- Máy chủ: 127.0.0.1
-- Thời gian đã tạo: Th1 03, 2022 lúc 01:37 PM
-- Phiên bản máy phục vụ: 10.4.14-MariaDB
-- Phiên bản PHP: 7.4.10

SET SQL_MODE = "NO_AUTO_VALUE_ON_ZERO";
START TRANSACTION;
SET time_zone = "+00:00";


/*!40101 SET @OLD_CHARACTER_SET_CLIENT=@@CHARACTER_SET_CLIENT */;
/*!40101 SET @OLD_CHARACTER_SET_RESULTS=@@CHARACTER_SET_RESULTS */;
/*!40101 SET @OLD_COLLATION_CONNECTION=@@COLLATION_CONNECTION */;
/*!40101 SET NAMES utf8mb4 */;

--
-- Cơ sở dữ liệu: `shopthoitrang`
--

-- --------------------------------------------------------

--
-- Cấu trúc bảng cho bảng `bosutap`
--

CREATE TABLE `bosutap` (
  `IdBST` varchar(255) NOT NULL,
  `name` varchar(500) NOT NULL,
  `tieude` varchar(500) DEFAULT NULL,
  `mota` text DEFAULT NULL,
  `img` varchar(255) DEFAULT NULL,
  `check` int(11) DEFAULT NULL
) ENGINE=InnoDB DEFAULT CHARSET=utf8;

--
-- Đang đổ dữ liệu cho bảng `bosutap`
--

INSERT INTO `bosutap` (`IdBST`, `name`, `tieude`, `mota`, `img`, `check`) VALUES
('264618c0-6ba0-4b53-a962-50db3e8ae46e', 'BIẾN TẤU BLAZER ', 'LÀM MỚI BẢN THÂN', 'Đến từ nguồn cảm hứng bất tận về phong cách đường phố bụi bặm nhưng không thiết phần sang trọng. Nhà thiết kế của chúng tôi đã cho ra mắt bộ sưu tập gồm những bộ trang phục biến tấu mang hơi hướng hiện đại.', 'http://localhost:8080/Shopping/img/bosutap/home_banner_img_left.jpg', 1),
('2da01275-323d-42c2-a054-e1806157e15b', 'MOMENT OF LOVE', 'TỎA SÁNG CÙNG KHOẢNH KHẮC TÌNH YÊU', 'Tình yêu đẹp bởi từng khoảnh khắc. Với những người phụ nữ đang yêu, mọi khoảnh khắc tình yêu đều hiện rõ trong chính sắc thái của họ, phản ánh nội tâm và xúc cảm, của tình yêu, và dành cho tình yêu.\n\nĐó là một chiều đông cùng nhau dạo phố\n\nĐó là sau bữa tối cùng chia sẻ cho nhau quỹ thời gian còn lại cuối ngày\n\nĐó là cả những khoảng lặng im và tin tưởng cho một hành trình dài\n\nDù trong khoảnh khắc nào thì tình yêu vẫn là món quà tuyệt đẹp mang cho phụ nữ niềm hạnh phúc tươi mới và bung nở.  gói trọn những cung bậc cảm xúc của người phụ nữ đang yêu và được yêu đó trong bộ sưu tập mới - MOMENT OF LOVE.\n\nBST với những phong cách thời trang đa dạng thể hiện dấu ấn riêng của phái đẹp trong từng khoảnh khắc. Chủ đạo là các thiết kế gam màu đỏ, đen, trắng kem… từ những chất liệu đặc trưng đầy quyến rũ của mùa đông, BST hứa hẹn sẽ mang đến diện mạo đầy sang trọng và thần thái kiêu hãnh để chị em được tỏa sáng cùng tình yêu.\n\nHãy trải nghiệm ngay bộ sưu tập xuất sắc này của  nàng nhé!', 'http://localhost:8080/Shopping/img/bosutap/home_banner_img_right.jpg', 1),
('494a1e4a-fe18-4c72-ab1e-ceff83cdd1dc', 'CLASSY AND FABULOUS', 'A GIRL SHOULD BE TWO THING: CLASSY AND FABULOUS', 'Nguồn cảm hứng bất tận của những phong cách thập niên 60 kinh điển kết hợp trong tông màu của năm 2022 - hồng tím (Orchid Flower) làm nên sự sáng tạo thời trang vừa cổ điển, vừa xu hướng cho những thiết kế đẳng cấp.\nTừ chất liệu, kiểu dáng đến chi tiết đều được các nhà thiết kế của Seven.AM tính toán tỉ mỉ, hài hòa để từng bộ cánh đều thể hiện trọn vẹn tinh thần của BST mới.\nMùa lễ hội cuối năm và đón chào năm mới, mùa phái đẹp mang theo bao nhiêu niềm háo hức và sự lộng lẫy vào trong thời trang thì BST CLASSY AND FABULOUS chính là “cẩm nang” mà các chị em không thể thiếu.\nHấp dẫn hơn, TOÀN BỘ SẢN PHẨM ĐANG ĐƯỢC GIẢM 50% mừng năm mới. Hãy liên hệ ngay Seven.AM để sở hữu nhé!', 'http://localhost:8080/Shopping/img/bosutap/home_banner_img_left.jpg', 0),
('660b255b-4051-43ee-aae7-f6f8393cecf8', 'AUTUMN SYMPHONY', 'BẢN GIAO HƯỞNG MÙA THU', 'Thời gian bước vào những ngày cuối thu là khi những thảm lá vàng trải trên khắp các con đường, không khí se lạnh tràn về tạo nên nguồn cảm hứng bất tận để  mang đến bộ sưu tâp mới nhất Autumn Symphony.\n\nXuyên suốt bộ sưu tập là những thiết kế mang đậm hơi thở của mùa thu đông với chất liệu dày dặn, kiểu dáng thanh lịch. Các thiết kế thiên về sự tối giản kết hợp những chi tiết tinh tế như thắt nơ, khăn quàng cổ nhẹ nhàng ... là biểu tượng cho nét đẹp nữ tính, dịu dàng mà đầy cuốn hút của phái đẹp.\n\nBảng màu của Autumn Symphony không rực rỡ nhưng lại hết sức sang trọng với sự biến chuyển sắc độ linh hoạt, khi nhẹ nhàng như màu be, lúc lại nhiệt huyết như màu đỏ. Cả bộ sưu tập giống như một bản giao hưởng mà ai cũng có thể lắng nghe và cảm nhận.\n\nNếu yêu thích Autumn symphony, hãy liên hệ với  để sở hữu sản phẩm ưng ý, chị em nhé!', 'http://localhost:8080/Shopping/img/bosutap/home_banner_img_right.jpg', 0),
('742818da-be6b-44bb-beec-96be7a251836', 'THỜI TRANG CÔNG SỞ', 'CÔ NÀNG CÔNG SỞ MẶC GÌ NGÀY ĐẦU TUẦN?', 'Chuẩn bị sẵn sàng cho một tuần làm việc mới đầy hiệu quả chưa bao giờ là thừa. Một set đồ cơ bản với áo sơ mi và chân juyp tưởng chừng quá quen thuộc nhưng lại luôn tạo nên diện mạo thanh lịch và ưa nhìn nhất.\nVới màu đỏ hút mắt, điểm thêm thiết kế hoa ấn tượng, chiếc áo sơ mi trở nên vô cùng độc đáo và ăn rơ khi kết hợp cùng chân juyp dáng dài giúp tôn đôi chân dài hơn và nhỏ gọn hơn.\nĐừng bỏ qua set đồ lung linh này để nâng tầm nhan sắc của nàng cho ngày làm việc mới vào đầu tuần, chị em nhé!', 'http://localhost:8080/Shopping/img/bosutap/home_banner_img_left.jpg', 0),
('7ce71073-fa74-46a7-a531-23288f79222e', 'CỔ ĐIỂN', 'THIẾT KẾ SANG TRỌNG CHO QUÝ CÔ YÊU THÍCH SỰ CỔ ĐIỂN', 'Hình ảnh nàng công nương của thập 80-90 như được tái hiện với set trang phục mới nhất của Seven.AM mang đậm nét vintage và thanh lịch.\n\nHọa tiết kẻ ô nhỏ mang đến tổng thể gam màu ghi nhẹ nhàng, trầm ấm. Thiết kế áo dáng peplum với phần eo được đẩy cao kèm theo thắt lưng duyên dáng kết hợp một chiếc chân váy dáng dài với độ rộng vừa phải, đủ tạo nên độ bồng bềnh, tha thướt mà vẫn giữ được nét sang trọng, thanh lịch.\n\nHoàn toàn có thể kết hợp set đồ với áo mặc trong tối màu, một gợi ý nhỏ cho nàng đó là áo ren đi kèm để tạo nên set đồ hoàn chỉnh nhất.\n\nMột ngày của nàng sẽ trở nên tuyệt vời biết mấy khi khoác lên mình outfit đậm chất cổ điển này!\n\nCùng sở hữu ngay nhé!', 'http://localhost:8080/Shopping/img/bosutap/home_banner_img_right.jpg', 0),
('8e615b3e-5d1c-47e7-a0f7-48986a58bb44', 'DẠ HỘI', 'TẬN HƯỞNG KHÔNG KHÍ LỄ HỘI', 'Phù hợp: Lễ Hội, Dự tiệc\nTrong mùa lễ hội nhộn nhịp, hãy khoác lên mình những bộ trang phục nổi bật giúp bạn tỏa sáng giữa đám đông', 'http://localhost:8080/Shopping/img/bosutap/home_banner_img_left.jpg', 0),
('af6ad37b-d482-42dc-9f96-33c4275aec1d', 'FANTASIA DESERT', 'HÚT MỌI ÁNH NHÌN VỚI VẺ ĐẸP DUYÊN DÁNG', 'Dành riêng cho tháng 11, tháng của sự tôn vinh và lòng biết ơn,  gửi tới chị em bộ sưu tập mới Fantasia Desert - một bản phối cuốn hút với vẻ đẹp trang nhã, thanh lịch và sang trọng.\n\nBảng màu với các gam màu sáng chủ đạo mang đến cho Fantasia Desert sự rạng rỡ và trẻ trung. Các thiết kế đầm tập trung vào form dáng xòe chữ A, giúp chị em luôn tự tin khoe dáng.\n\nDáng đầm dài hoặc các thiết kế sét bộ vest cách điệu giúp nàng giữ ấm và thoải mái hơn trong những ngày đông lạnh.\n\nFantasia Desert chắc chắn là những thiết kế phù hợp cho chị em để luôn rạng rỡ và tràn đầy năng lượng trong những ngày lễ trọng đại của tháng 11 sắp tới.\n\nLiên hệ ngay để sở hữu các thiết kế ấn tượng của Fantasia Desert để luôn tự tin tỏa sáng, chị em nhé!', 'http://localhost:8080/Shopping/img/bosutap/home_banner_img_right.jpg', 0),
('b2b121d2-4670-4bd3-89b4-45c953e4f2df', 'SEVEN À PARIS', 'MANG ĐẾN HƠI THỞ CỦA MÙA THU VỚI GAM MÀU TRUNG TÍNH ĐẦM ẤM VÀ SANG TRỌNG', 'Trên nền chất liệu vải tartan, vải kate dày dặn, những thiết kế đầm với độ dài quá gối, tay áo dài cùng chiết eo cao giúp làm tôn thêm vẻ đẹp cho các chị em.\n\nBên cạnh đó những set vest hay blazer thanh lịch cũng là lựa chọn hoàn hảo cho chị em công sở để sở hữu vẻ ngoài tự tin và rạng rỡ.', 'http://localhost:8080/Shopping/img/bosutap/home_banner_img_left.jpg\r\nhttp://localhost:8080/Shopping/img/bosutap/home_banner_img_right.jpg\r\nhttp://localhost:8080/Shopping/img/bosutap/home_banner_img_left.jpg\r\nhttp://localhost:8080/Shopping/img/bosutap/home', 0),
('cd4ec4de-cb87-4aed-8ad5-665f6083b3ba', 'NEM', 'BỘ SƯU TẬP ĐẾN TỪ NHÀ PHÁT HÀNH NEM', 'Kế thừa tinh hoa của các nhà thiết kế chuyên nghiệp đến từ tập đoàn NEM. Khách hàng sẽ được khoác lên mình những bộ trang phục đã tạo nên thương hiệu nổi tiếng này.', 'http://localhost:8080/Shopping/img/bosutap/home_banner_img_left.jpg\r\nhttp://localhost:8080/Shopping/img/bosutap/home_banner_img_right.jpg\r\nhttp://localhost:8080/Shopping/img/bosutap/home_banner_img_left.jpg\r\nhttp://localhost:8080/Shopping/img/bosutap/home', 0),
('e8301319-d1f0-4b00-9a1d-0ae5ba50deac', 'AUTUMN ON STREET', 'HÒA MÌNH VỚI KHÔNG KHI MÙA THU', ' Phù hợp với: công sở, dạo phố, gặp gỡ đối tác\nTư vấn phối đồ: đầm liền mùa thu', 'http://localhost:8080/Shopping/img/bosutap/home_banner_img_left.jpg\r\nhttp://localhost:8080/Shopping/img/bosutap/home_banner_img_right.jpg\r\nhttp://localhost:8080/Shopping/img/bosutap/home_banner_img_left.jpg\r\nhttp://localhost:8080/Shopping/img/bosutap/home', 0),
('fa8bdade-d801-4031-9bbc-ec3f8217cfd2', 'WARMING HUG', 'ĐÓN MÙA ĐÔNG YÊU THƯƠNG VÀ ẤM ÁP', 'Mùa đông - mùa của những ngày cuối cùng trong năm, dù nhịp sống còn hối hả thì đâu đó cảm xúc yêu thương trong chúng ta vẫn luôn muốn chậm lại một nhịp.\n\nTrong tiết trời se lạnh, phố xá với những ngôi sao, hạt trân châu, những tán thông, những hộp quà rực rỡ mùa lễ hội tạo nên bầu không khí ấm áp đến lạ kỳ, Seven AM ra mắt các chị em bộ sưu tập mới WARMING HUG - dành tặng riêng cho mùa đông yêu dấu.\n\nWARMING HUG là tuyển tập những thiết kế váy sang trọng và những set đồ ton-sur-ton phong cách. Đa dạng về kiểu dáng, màu sắc, nhưng BST vẫn tập trung vào tính thanh lịch, xu hướng và những gam màu dễ ứng dụng, hài hòa với mọi không gian gặp gỡ của mùa đông. Cùng với sự chọn lọc chất liệu cao cấp tỉ mỉ của các nhà thiết kế, WARMING HUG hứa hẹn sẽ cùng các chị em bước qua những ngày cuối cùng trong năm thật ấm áp với những yêu thương đang chảy chậm.\n\nTất cả các thiết kế đều đã có mặt trên toàn hệ thống showroom . Hãy ghé qua và trải nghiệm ngay các chị em nhé!', 'http://localhost:8080/Shopping/img/bosutap/home_banner_img_left.jpg\r\nhttp://localhost:8080/Shopping/img/bosutap/home_banner_img_right.jpg\r\nhttp://localhost:8080/Shopping/img/bosutap/home_banner_img_left.jpg\r\nhttp://localhost:8080/Shopping/img/bosutap/home', 0);

-- --------------------------------------------------------

--
-- Cấu trúc bảng cho bảng `hinhanh`
--

CREATE TABLE `hinhanh` (
  `IDSP` varchar(255) NOT NULL,
  `URL` varchar(500) NOT NULL
) ENGINE=InnoDB DEFAULT CHARSET=utf8;

--
-- Đang đổ dữ liệu cho bảng `hinhanh`
--

INSERT INTO `hinhanh` (`IDSP`, `URL`) VALUES
('V611021D', '/img/product/1_1.jpg'),
('V614006C', '/img/product/2_1.jpg'),
('V611020C', '/img/product/3_1.jpg'),
('V601016D', '/img/product/4_1.jpg'),
('V621007H', '/img/product/5_1.jpg'),
('V631020H', '/img/product/6_1.jpg'),
('V611016C', '/img/product/7_1.jpg'),
('V611017H', '/img/product/8_1.jpg'),
('V631010C', '/img/product/9_1.jpg'),
('V621006', '/img/product/10_1.jpg'),
('V641007', '/img/product/11_1.jpg'),
('V331006H', '/img/product/12_1.jpg'),
('V641009', '/img/product/13_1.jpg'),
('V614004', '/img/product/14_1.jpg'),
('V631008', '/img/product/15_1.jpg'),
('V631013', '/img/product/16_1.jpg'),
('V641006', '/img/product/17_1.jpg'),
('V604004', '/img/product/18_1.jpg'),
('V601009D', '/img/product/19_1.jpg'),
('V611010D', '/img/product/20_1.jpg'),
('V612018C', '/img/product/21_1.jpg'),
('V601008C', '/img/product/22_1.jpg'),
('V624002D', '/img/product/23_1.jpg'),
('V631009D', '/img/product/24_1.jpg'),
('V611008H', '/img/product/25_1.jpg'),
('V631012D', '/img/product/26_1.jpg'),
('V641004C', '/img/product/27_1.jpg'),
('V612017C', '/img/product/28_1.jpg'),
('V631006C', '/img/product/29_1.jpg'),
('V644002C', '/img/product/30_1.jpg'),
('V611007C', '/img/product/31_1.jpg'),
('V611014C', '/img/product/32_1.jpg'),
('V601005C', '/img/product/33_1.jpg'),
('C613011', '/img/product/34_1.jpg'),
('C633015I', '/img/product/35_1.jpg'),
('C624001C', '/img/product/36_1.jpg'),
('C52461C', '/img/product/37_1.jpg'),
('C633005C', '/img/product/38_1.jpg'),
('C633006C', '/img/product/39_1.jpg'),
('C58828C', '/img/product/40_1.jpg'),
('V351014', '/img/product/41_1.jpg'),
('V850004C', '/img/product/42_1.jpg'),
('V301007D', '/img/product/43_1.jpg'),
('V331017C', '/img/product/44_1.jpg'),
('V301010', '/img/product/45_1.jpg'),
('V331006', '/img/product/46_1.jpg'),
('V352002', '/img/product/47_1.jpg'),
('V401008C', '/img/product/48_1.jpg'),
('V301005D', '/img/product/49_1.jpg'),
('V331007C', '/img/product/50_1.jpg'),
('V800009C', '/img/product/51_1.jpg'),
('V101019C', '/img/product/52_1.jpg'),
('V401007C', '/img/product/53_1.jpg'),
('V331011C', '/img/product/54_1.jpg'),
('C13115C', '/img/product/55_1.jpg'),
('C101015C', '/img/product/56_1.jpg'),
('Y401014C', '/img/product/57_1.jpg'),
('H101027C', '/img/product/58_1.jpg'),
('H101026C', '/img/product/59_1.jpg'),
('H301016C', '/img/product/60_1.jpg'),
('H111013C', '/img/product/61_1.jpg'),
('Y33407A', '/img/product/62_1.jpg'),
('Y33407B', '/img/product/63_1.jpg'),
('E351001', '/img/product/64_1.jpg'),
('Y331002', '/img/product/65_1.jpg'),
('Z16011A', '/img/product/66_1.jpg'),
('V850009', '/img/product/67_1.jpg'),
('V301011C', '/img/product/68_1.jpg'),
('V301010D', '/img/product/69_1.jpg'),
('V301006C', '/img/product/70_1.jpg'),
('Y81269', '/img/product/71_1.jpg'),
('Y81269F', '/img/product/72_1.jpg'),
('V700005', '/img/product/73_1.jpg'),
('Y720002', '/img/product/74_1.jpg'),
('V710009C', '/img/product/75_1.jpg'),
('Y720003', '/img/product/76_1.jpg'),
('E730001', '/img/product/77_1.jpg'),
('C78189C', '/img/product/78_1.jpg'),
('C78191C', '/img/product/79_1.jpg'),
('H301016CA', '/img/product/80_1.jpg'),
('H331013C', '/img/product/81_1.jpg'),
('V710014D', '/img/product/82_1.jpg'),
('V730006', '/img/product/83_1.jpg'),
('D80412', '/img/product/84_1.jpg'),
('D80062', '/img/product/85_1.jpg'),
('D06982', '/img/product/86_1.jpg'),
('D03862', '/img/product/87_1.jpg'),
('D02452', '/img/product/88_1.jpg'),
('D64102', '/img/product/89_1.jpg'),
('D12092', '/img/product/90_1.jpg'),
('D12052', '/img/product/91_1.jpg'),
('D12049', '/img/product/92_1.jpg'),
('D11622', '/img/product/93_1.jpg'),
('D11099', '/img/product/94_1.jpg'),
('D11469', '/img/product/95_1.jpg'),
('D11159', '/img/product/96_1.jpg'),
('D11149', '/img/product/97_1.jpg'),
('D11132A', '/img/product/98_1.jpg'),
('D11029A', '/img/product/99_1.jpg'),
('D11029B', '/img/product/100_1.jpg'),
('D11089', '/img/product/101_1.jpg'),
('D11119', '/img/product/102_1.jpg'),
('D11132B', '/img/product/103_1.jpg'),
('D32299', '/img/product/104_1.jpg'),
('D29652', '/img/product/105_1.jpg'),
('D32169A', '/img/product/106_1.jpg'),
('D32169B', '/img/product/107_1.jpg'),
('D31182', '/img/product/108_1.jpg'),
('D11722', '/img/product/109_1.jpg'),
('D05162', '/img/product/110_1.jpg'),
('D23212', '/img/product/111_1.jpg'),
('D26692', '/img/product/112_1.jpg'),
('D30722', '/img/product/113_1.jpg'),
('D31632', '/img/product/114_1.jpg'),
('D07609', '/img/product/115_1.jpg'),
('D08742A', '/img/product/116_1.jpg'),
('D29162', '/img/product/117_1.jpg'),
('D08742B', '/img/product/118_1.jpg'),
('D10382', '/img/product/119_1.jpg'),
('D10102', '/img/product/120_1.jpg'),
('D09622', '/img/product/121_1.jpg'),
('D09852', '/img/product/122_1.jpg'),
('D1399', '/img/product/123_1.jpg'),
('D10392', '/img/product/124_1.jpg'),
('D10012', '/img/product/125_1.jpg'),
('D09322A', '/img/product/126_1.jpg'),
('D09762', '/img/product/127_1.jpg'),
('D09962', '/img/product/128_1.jpg'),
('D10022', '/img/product/129_1.jpg'),
('D10452A', '/img/product/130_1.jpg'),
('D10752', '/img/product/131_1.jpg'),
('D33942', '/img/product/132_1.jpg'),
('D07132', '/img/product/133_1.jpg'),
('D10072', '/img/product/134_1.jpg'),
('D10142', '/img/product/135_1.jpg'),
('D10169', '/img/product/136_1.jpg'),
('D10592', '/img/product/137_1.jpg'),
('D09432A', '/img/product/138_1.jpg'),
('D09432B', '/img/product/139_1.jpg'),
('D09432C', '/img/product/140_1.jpg'),
('D11552', '/img/product/141_1.jpg'),
('D10932', '/img/product/142_1.jpg'),
('D10002', '/img/product/143_1.jpg'),
('D10602A', '/img/product/144_1.jpg'),
('D09382', '/img/product/145_1.jpg'),
('D09942A', '/img/product/146_1.jpg'),
('D10372', '/img/product/147_1.jpg'),
('D12199', '/img/product/148_1.jpg'),
('D60362A', '/img/product/149_1.jpg'),
('D62052A', '/img/product/150_1.jpg'),
('D21172', '/img/product/151_1.jpg'),
('D10972', '/img/product/152_1.jpg'),
('D60102', '/img/product/153_1.jpg'),
('D62052B', '/img/product/154_1.jpg'),
('D60292', '/img/product/155_1.jpg'),
('D10312', '/img/product/156_1.jpg'),
('D10942', '/img/product/157_1.jpg'),
('D11292A', '/img/product/158_1.jpg'),
('D11609', '/img/product/159_1.jpg'),
('D60232A', '/img/product/160_1.jpg'),
('D12492', '/img/product/161_1.jpg'),
('D10442', '/img/product/162_1.jpg'),
('D10292', '/img/product/163_1.jpg'),
('D60362B', '/img/product/164_1.jpg'),
('D60232B', '/img/product/165_1.jpg'),
('D11922', '/img/product/166_1.jpg'),
('D11292B', '/img/product/167_1.jpg'),
('D10742', '/img/product/168_1.jpg'),
('D10312B', '/img/product/169_1.jpg'),
('D11292C', '/img/product/170_1.jpg'),
('D04932', '/img/product/171_1.jpg'),
('D02032', '/img/product/172_1.jpg'),
('D10452B', '/img/product/173_1.jpg'),
('D09942B', '/img/product/174_1.jpg'),
('D10602B', '/img/product/175_1.jpg'),
('D44832', '/img/product/176_1.jpg'),
('D30312', '/img/product/177_1.jpg'),
('D23852', '/img/product/178_1.jpg'),
('D20522', '/img/product/179_1.jpg'),
('D12682', '/img/product/180_1.jpg'),
('D27072', '/img/product/181_1.jpg'),
('D06952', '/img/product/182_1.jpg'),
('D06662', '/img/product/183_1.jpg'),
('D05862', '/img/product/184_1.jpg'),
('D03322', '/img/product/185_1.jpg'),
('D07342', '/img/product/186_1.jpg'),
('D07492', '/img/product/187_1.jpg'),
('D06602', '/img/product/188_1.jpg'),
('D06442', '/img/product/189_1.jpg'),
('D05692', '/img/product/190_1.jpg'),
('D04222', '/img/product/191_1.jpg'),
('D02232', '/img/product/192_1.jpg'),
('D09322B', '/img/product/193_1.jpg'),
('D06942', '/img/product/194_1.jpg'),
('D05879', '/img/product/195_1.jpg'),
('D34152', '/img/product/196_1.jpg'),
('D08202', '/img/product/197_1.jpg'),
('D07592', '/img/product/198_1.jpg'),
('D06202', '/img/product/199_1.jpg'),
('D05529', '/img/product/200_1.jpg'),
('AD11499', '/img/product/201_1.jpg'),
('AD11069', '/img/product/202_1.jpg'),
('AD11449', '/img/product/203_1.jpg'),
('AD09492A', '/img/product/204_1.jpg'),
('AD09492B', '/img/product/205_1.jpg'),
('AD09262A', '/img/product/206_1.jpg'),
('AD09262B', '/img/product/207_1.jpg'),
('AD09222', '/img/product/208_1.jpg'),
('AD09202', '/img/product/209_1.jpg'),
('AD08852', '/img/product/210_1.jpg'),
('AD08662', '/img/product/211_1.jpg'),
('AD08632', '/img/product/212_1.jpg'),
('AD00472', '/img/product/213_1.jpg'),
('AD01822A', '/img/product/214_1.jpg'),
('AD01822B', '/img/product/215_1.jpg'),
('AD00132', '/img/product/216_1.jpg'),
('AD27319', '/img/product/217_1.jpg'),
('TS11872', '/img/product/218_1.jpg'),
('TS10902', '/img/product/219_1.jpg'),
('TS11859', '/img/product/220_1.jpg'),
('TS10642A', '/img/product/221_1.jpg'),
('TS10042', '/img/product/222_1.jpg'),
('TS10302', '/img/product/223_1.jpg'),
('TS10642B', '/img/product/224_1.jpg'),
('TS10132', '/img/product/225_1.jpg'),
('TS08872', '/img/product/226_1.jpg'),
('SM08532', '/img/product/227_1.jpg'),
('SM13822', '/img/product/228_1.jpg'),
('SM11282', '/img/product/229_1.jpg'),
('SM09822', '/img/product/230_1.jpg'),
('J04272', '/img/product/231_1.jpg'),
('J01192', '/img/product/232_1.jpg'),
('J01752', '/img/product/233_1.jpg'),
('J02242', '/img/product/234_1.jpg'),
('J03112', '/img/product/235_1.jpg'),
('J04232', '/img/product/236_1.jpg'),
('J34192', '/img/product/237_1.jpg'),
('J03332', '/img/product/238_1.jpg'),
('J00652', '/img/product/239_1.jpg'),
('J33552', '/img/product/240_1.jpg'),
('J33282', '/img/product/241_1.jpg'),
('J34342', '/img/product/242_1.jpg'),
('J04242', '/img/product/243_1.jpg'),
('J05242', '/img/product/244_1.jpg'),
('J02162', '/img/product/245_1.jpg'),
('J32522', '/img/product/246_1.jpg'),
('J03832', '/img/product/247_1.jpg'),
('J06672', '/img/product/248_1.jpg'),
('J06452', '/img/product/249_1.jpg'),
('J04322', '/img/product/250_1.jpg'),
('J00142', '/img/product/251_1.jpg'),
('J31772', '/img/product/252_1.jpg'),
('Z11222', '/img/product/253_1.jpg'),
('Z11212', '/img/product/254_1.jpg'),
('Z10852', '/img/product/255_1.jpg'),
('Z10772', '/img/product/256_1.jpg'),
('Z10552A', '/img/product/257_1.jpg'),
('Z10552B', '/img/product/258_1.jpg'),
('Z10212', '/img/product/259_1.jpg'),
('Z09812', '/img/product/260_1.jpg'),
('Z09152', '/img/product/261_1.jpg'),
('Z67052A', '/img/product/262_1.jpg'),
('Z67052B', '/img/product/263_1.jpg'),
('Z10782', '/img/product/264_1.jpg'),
('Z10192', '/img/product/265_1.jpg'),
('Z09862', '/img/product/266_1.jpg'),
('Z09832', '/img/product/267_1.jpg'),
('Z09722', '/img/product/268_1.jpg'),
('Z09292', '/img/product/269_1.jpg'),
('Z09122', '/img/product/270_1.jpg'),
('Z08992', '/img/product/271_1.jpg'),
('Z08832', '/img/product/272_1.jpg'),
('Z06402', '/img/product/273_1.jpg'),
('Z10262', '/img/product/274_1.jpg'),
('Z10152', '/img/product/275_1.jpg'),
('Z09752', '/img/product/276_1.jpg'),
('Z09612A', '/img/product/277_1.jpg'),
('Z09612B', '/img/product/278_1.jpg'),
('Z10882', '/img/product/279_1.jpg'),
('Z08642', '/img/product/280_1.jpg'),
('Z09042', '/img/product/281_1.jpg'),
('Z08562', '/img/product/282_1.jpg'),
('Z09312', '/img/product/283_1.jpg'),
('Z08612', '/img/product/284_1.jpg'),
('Z80322', '/img/product/285_1.jpg'),
('Z80012', '/img/product/286_1.jpg'),
('Z08132', '/img/product/287_1.jpg'),
('Z08492', '/img/product/288_1.jpg'),
('Z25372', '/img/product/289_1.jpg'),
('Z16981', '/img/product/290_1.jpg'),
('Z05732', '/img/product/291_1.jpg'),
('Z80182', '/img/product/292_1.jpg'),
('Z08122', '/img/product/293_1.jpg'),
('Z06372', '/img/product/294_1.jpg'),
('Z06042', '/img/product/295_1.jpg'),
('Z05992', '/img/product/296_1.jpg'),
('Z05722', '/img/product/297_1.jpg'),
('Z05592', '/img/product/298_1.jpg'),
('Z05552', '/img/product/299_1.jpg'),
('Z04892', '/img/product/300_1.jpg'),
('V611021D', '/img/product/1_2.jpg'),
('V614006C', '/img/product/2_2.jpg'),
('V611020C', '/img/product/3_2.jpg'),
('V601016D', '/img/product/4_2.jpg'),
('V621007H', '/img/product/5_2.jpg'),
('V631020H', '/img/product/6_2.jpg'),
('V611016C', '/img/product/7_2.jpg'),
('V611017H', '/img/product/8_2.jpg'),
('V631010C', '/img/product/9_2.jpg'),
('V621006', '/img/product/10_2.jpg'),
('V641007', '/img/product/11_2.jpg'),
('V331006H', '/img/product/12_2.jpg'),
('V641009', '/img/product/13_2.jpg'),
('V614004', '/img/product/14_2.jpg'),
('V631008', '/img/product/15_2.jpg'),
('V631013', '/img/product/16_2.jpg'),
('V641006', '/img/product/17_2.jpg'),
('V604004', '/img/product/18_2.jpg'),
('V601009D', '/img/product/19_2.jpg'),
('V611010D', '/img/product/20_2.jpg'),
('V612018C', '/img/product/21_2.jpg'),
('V601008C', '/img/product/22_2.jpg'),
('V624002D', '/img/product/23_2.jpg'),
('V631009D', '/img/product/24_2.jpg'),
('V611008H', '/img/product/25_2.jpg'),
('V631012D', '/img/product/26_2.jpg'),
('V641004C', '/img/product/27_2.jpg'),
('V612017C', '/img/product/28_2.jpg'),
('V631006C', '/img/product/29_2.jpg'),
('V644002C', '/img/product/30_2.jpg'),
('V611007C', '/img/product/31_2.jpg'),
('V611014C', '/img/product/32_2.jpg'),
('V601005C', '/img/product/33_2.jpg'),
('C613011', '/img/product/34_2.jpg'),
('C633015I', '/img/product/35_2.jpg'),
('C624001C', '/img/product/36_2.jpg'),
('C52461C', '/img/product/37_2.jpg'),
('C633005C', '/img/product/38_2.jpg'),
('C633006C', '/img/product/39_2.jpg'),
('C58828C', '/img/product/40_2.jpg'),
('V351014', '/img/product/41_2.jpg'),
('V850004C', '/img/product/42_2.jpg'),
('V301007D', '/img/product/43_2.jpg'),
('V331017C', '/img/product/44_2.jpg'),
('V301010', '/img/product/45_2.jpg'),
('V331006', '/img/product/46_2.jpg'),
('V352002', '/img/product/47_2.jpg'),
('V401008C', '/img/product/48_2.jpg'),
('V301005D', '/img/product/49_2.jpg'),
('V331007C', '/img/product/50_2.jpg'),
('V800009C', '/img/product/51_2.jpg'),
('V101019C', '/img/product/52_2.jpg'),
('V401007C', '/img/product/53_2.jpg'),
('V331011C', '/img/product/54_2.jpg'),
('C13115C', '/img/product/55_2.jpg'),
('C101015C', '/img/product/56_2.jpg'),
('Y401014C', '/img/product/57_2.jpg'),
('H101027C', '/img/product/58_2.jpg'),
('H101026C', '/img/product/59_2.jpg'),
('H301016C', '/img/product/60_2.jpg'),
('H111013C', '/img/product/61_2.jpg'),
('Y33407A', '/img/product/62_2.jpg'),
('Y33407B', '/img/product/63_2.jpg'),
('E351001', '/img/product/64_2.jpg'),
('Y331002', '/img/product/65_2.jpg'),
('Z16011A', '/img/product/66_2.jpg'),
('V850009', '/img/product/67_2.jpg'),
('V301011C', '/img/product/68_2.jpg'),
('V301010D', '/img/product/69_2.jpg'),
('V301006C', '/img/product/70_2.jpg'),
('Y81269', '/img/product/71_2.jpg'),
('Y81269F', '/img/product/72_2.jpg'),
('V700005', '/img/product/73_2.jpg'),
('Y720002', '/img/product/74_2.jpg'),
('V710009C', '/img/product/75_2.jpg'),
('Y720003', '/img/product/76_2.jpg'),
('E730001', '/img/product/77_2.jpg'),
('C78189C', '/img/product/78_2.jpg'),
('C78191C', '/img/product/79_2.jpg'),
('H301016CA', '/img/product/80_2.jpg'),
('H331013C', '/img/product/81_2.jpg'),
('V710014D', '/img/product/82_2.jpg'),
('V730006', '/img/product/83_2.jpg'),
('D80412', '/img/product/84_2.jpg'),
('D80062', '/img/product/85_2.jpg'),
('D06982', '/img/product/86_2.jpg'),
('D03862', '/img/product/87_2.jpg'),
('D02452', '/img/product/88_2.jpg'),
('D64102', '/img/product/89_2.jpg'),
('D12092', '/img/product/90_2.jpg'),
('D12052', '/img/product/91_2.jpg'),
('D12049', '/img/product/92_2.jpg'),
('D11622', '/img/product/93_2.jpg'),
('D11099', '/img/product/94_2.jpg'),
('D11469', '/img/product/95_2.jpg'),
('D11159', '/img/product/96_2.jpg'),
('D11149', '/img/product/97_2.jpg'),
('D11132A', '/img/product/98_2.jpg'),
('D11029A', '/img/product/99_2.jpg'),
('D11029B', '/img/product/100_2.jpg'),
('D11089', '/img/product/101_2.jpg'),
('D11119', '/img/product/102_2.jpg'),
('D11132B', '/img/product/103_2.jpg'),
('D32299', '/img/product/104_2.jpg'),
('D29652', '/img/product/105_2.jpg'),
('D32169A', '/img/product/106_2.jpg'),
('D32169B', '/img/product/107_2.jpg'),
('D31182', '/img/product/108_2.jpg'),
('D11722', '/img/product/109_2.jpg'),
('D05162', '/img/product/110_2.jpg'),
('D23212', '/img/product/111_2.jpg'),
('D26692', '/img/product/112_2.jpg'),
('D30722', '/img/product/113_2.jpg'),
('D31632', '/img/product/114_2.jpg'),
('D07609', '/img/product/115_2.jpg'),
('D08742A', '/img/product/116_2.jpg'),
('D29162', '/img/product/117_2.jpg'),
('D08742B', '/img/product/118_2.jpg'),
('D10382', '/img/product/119_2.jpg'),
('D10102', '/img/product/120_2.jpg'),
('D09622', '/img/product/121_2.jpg'),
('D09852', '/img/product/122_2.jpg'),
('D1399', '/img/product/123_2.jpg'),
('D10392', '/img/product/124_2.jpg'),
('D10012', '/img/product/125_2.jpg'),
('D09322A', '/img/product/126_2.jpg'),
('D09762', '/img/product/127_2.jpg'),
('D09962', '/img/product/128_2.jpg'),
('D10022', '/img/product/129_2.jpg'),
('D10452A', '/img/product/130_2.jpg'),
('D10752', '/img/product/131_2.jpg'),
('D33942', '/img/product/132_2.jpg'),
('D10072', '/img/product/134_2.jpg'),
('D10142', '/img/product/135_2.jpg'),
('D10169', '/img/product/136_2.jpg'),
('D10592', '/img/product/137_2.jpg'),
('D09432A', '/img/product/138_2.jpg'),
('D09432B', '/img/product/139_2.jpg'),
('D09432C', '/img/product/140_2.jpg'),
('D11552', '/img/product/141_2.jpg'),
('D10932', '/img/product/142_2.jpg'),
('D10002', '/img/product/143_2.jpg'),
('D10602A', '/img/product/144_2.jpg'),
('D09382', '/img/product/145_2.jpg'),
('D09942A', '/img/product/146_2.jpg'),
('D10372', '/img/product/147_2.jpg'),
('D12199', '/img/product/148_2.jpg'),
('D60362A', '/img/product/149_2.jpg'),
('D21172', '/img/product/151_2.jpg'),
('D10972', '/img/product/152_2.jpg'),
('D60102', '/img/product/153_2.jpg'),
('D62052B', '/img/product/154_2.jpg'),
('D60292', '/img/product/155_2.jpg'),
('D10312', '/img/product/156_2.jpg'),
('D10942', '/img/product/157_2.jpg'),
('D11292A', '/img/product/158_2.jpg'),
('D11609', '/img/product/159_2.jpg'),
('D60232A', '/img/product/160_2.jpg'),
('D12492', '/img/product/161_2.jpg'),
('D10442', '/img/product/162_2.jpg'),
('D10292', '/img/product/163_2.jpg'),
('D60362B', '/img/product/164_2.jpg'),
('D60232B', '/img/product/165_2.jpg'),
('D11922', '/img/product/166_2.jpg'),
('D11292B', '/img/product/167_2.jpg'),
('D10742', '/img/product/168_2.jpg'),
('D10312B', '/img/product/169_2.jpg'),
('D11292C', '/img/product/170_2.jpg'),
('D04932', '/img/product/171_2.jpg'),
('D02032', '/img/product/172_2.jpg'),
('D10452B', '/img/product/173_2.jpg'),
('D09942B', '/img/product/174_2.jpg'),
('D10602B', '/img/product/175_2.jpg'),
('D44832', '/img/product/176_2.jpg'),
('D30312', '/img/product/177_2.jpg'),
('D23852', '/img/product/178_2.jpg'),
('D20522', '/img/product/179_2.jpg'),
('D27072', '/img/product/181_2.jpg'),
('D06952', '/img/product/182_2.jpg'),
('D06662', '/img/product/183_2.jpg'),
('D05862', '/img/product/184_2.jpg'),
('D03322', '/img/product/185_2.jpg'),
('D07342', '/img/product/186_2.jpg'),
('D07492', '/img/product/187_2.jpg'),
('D06602', '/img/product/188_2.jpg'),
('D06442', '/img/product/189_2.jpg'),
('D05692', '/img/product/190_2.jpg'),
('D04222', '/img/product/191_2.jpg'),
('D02232', '/img/product/192_2.jpg'),
('D09322B', '/img/product/193_2.jpg'),
('D06942', '/img/product/194_2.jpg'),
('D05879', '/img/product/195_2.jpg'),
('D34152', '/img/product/196_2.jpg'),
('D08202', '/img/product/197_2.jpg'),
('D07592', '/img/product/198_2.jpg'),
('D06202', '/img/product/199_2.jpg'),
('D05529', '/img/product/200_2.jpg'),
('AD11499', '/img/product/201_2.jpg'),
('AD11069', '/img/product/202_2.jpg'),
('AD11449', '/img/product/203_2.jpg'),
('AD09492A', '/img/product/204_2.jpg'),
('AD09492B', '/img/product/205_2.jpg'),
('AD09262A', '/img/product/206_2.jpg'),
('AD09262B', '/img/product/207_2.jpg'),
('AD09222', '/img/product/208_2.jpg'),
('AD09202', '/img/product/209_2.jpg'),
('AD08852', '/img/product/210_2.jpg'),
('AD08662', '/img/product/211_2.jpg'),
('AD08632', '/img/product/212_2.jpg'),
('AD00472', '/img/product/213_2.jpg'),
('AD01822A', '/img/product/214_2.jpg'),
('AD01822B', '/img/product/215_2.jpg'),
('AD00132', '/img/product/216_2.jpg'),
('AD27319', '/img/product/217_2.jpg'),
('TS11872', '/img/product/218_2.jpg'),
('TS10902', '/img/product/219_2.jpg'),
('TS11859', '/img/product/220_2.jpg'),
('TS10042', '/img/product/222_2.jpg'),
('TS10302', '/img/product/223_2.jpg'),
('TS10132', '/img/product/225_2.jpg'),
('TS08872', '/img/product/226_2.jpg'),
('SM08532', '/img/product/227_2.jpg'),
('SM13822', '/img/product/228_2.jpg'),
('SM11282', '/img/product/229_2.jpg'),
('SM09822', '/img/product/230_2.jpg'),
('J04272', '/img/product/231_2.jpg'),
('J01192', '/img/product/232_2.jpg'),
('J01752', '/img/product/233_2.jpg'),
('J02242', '/img/product/234_2.jpg'),
('J03112', '/img/product/235_2.jpg'),
('J04232', '/img/product/236_2.jpg'),
('J34192', '/img/product/237_2.jpg'),
('J03332', '/img/product/238_2.jpg'),
('J00652', '/img/product/239_2.jpg'),
('J33552', '/img/product/240_2.jpg'),
('J33282', '/img/product/241_2.jpg'),
('J34342', '/img/product/242_2.jpg'),
('J04242', '/img/product/243_2.jpg'),
('J05242', '/img/product/244_2.jpg'),
('J02162', '/img/product/245_2.jpg'),
('J32522', '/img/product/246_2.jpg'),
('J03832', '/img/product/247_2.jpg'),
('J06672', '/img/product/248_2.jpg'),
('J06452', '/img/product/249_2.jpg'),
('J04322', '/img/product/250_2.jpg'),
('J31772', '/img/product/252_2.jpg'),
('Z11222', '/img/product/253_2.jpg'),
('Z11212', '/img/product/254_2.jpg'),
('Z10852', '/img/product/255_2.jpg'),
('Z10772', '/img/product/256_2.jpg'),
('Z10552A', '/img/product/257_2.jpg'),
('Z10552B', '/img/product/258_2.jpg'),
('Z10212', '/img/product/259_2.jpg'),
('Z09812', '/img/product/260_2.jpg'),
('Z09152', '/img/product/261_2.jpg'),
('Z67052A', '/img/product/262_2.jpg'),
('Z67052B', '/img/product/263_2.jpg'),
('Z10782', '/img/product/264_2.jpg'),
('Z10192', '/img/product/265_2.jpg'),
('Z09862', '/img/product/266_2.jpg'),
('Z09832', '/img/product/267_2.jpg'),
('Z09722', '/img/product/268_2.jpg'),
('Z09292', '/img/product/269_2.jpg'),
('Z09122', '/img/product/270_2.jpg'),
('Z08992', '/img/product/271_2.jpg'),
('Z08832', '/img/product/272_2.jpg'),
('Z06402', '/img/product/273_2.jpg'),
('Z10262', '/img/product/274_2.jpg'),
('Z10152', '/img/product/275_2.jpg'),
('Z09752', '/img/product/276_2.jpg'),
('Z09612A', '/img/product/277_2.jpg'),
('Z09612B', '/img/product/278_2.jpg'),
('Z10882', '/img/product/279_2.jpg'),
('Z08642', '/img/product/280_2.jpg'),
('Z09042', '/img/product/281_2.jpg'),
('Z08562', '/img/product/282_2.jpg'),
('Z09312', '/img/product/283_2.jpg'),
('Z08612', '/img/product/284_2.jpg'),
('Z80322', '/img/product/285_2.jpg'),
('Z80012', '/img/product/286_2.jpg'),
('Z08132', '/img/product/287_2.jpg'),
('Z08492', '/img/product/288_2.jpg'),
('Z25372', '/img/product/289_2.jpg'),
('Z16981', '/img/product/290_2.jpg'),
('Z05732', '/img/product/291_2.jpg'),
('Z80182', '/img/product/292_2.jpg'),
('Z08122', '/img/product/293_2.jpg'),
('Z06372', '/img/product/294_2.jpg'),
('Z06042', '/img/product/295_2.jpg'),
('Z05992', '/img/product/296_2.jpg'),
('Z05722', '/img/product/297_2.jpg'),
('Z05592', '/img/product/298_2.jpg'),
('Z05552', '/img/product/299_2.jpg'),
('Z04892', '/img/product/300_2.jpg'),
('V611021D', '/img/product/1_3.jpg'),
('V614006C', '/img/product/2_3.jpg'),
('V611020C', '/img/product/3_3.jpg'),
('V601016D', '/img/product/4_3.jpg'),
('V621007H', '/img/product/5_3.jpg'),
('V631020H', '/img/product/6_3.jpg'),
('V611016C', '/img/product/7_3.jpg'),
('V611017H', '/img/product/8_3.jpg'),
('V631010C', '/img/product/9_3.jpg'),
('V621006', '/img/product/10_3.jpg'),
('V641007', '/img/product/11_3.jpg'),
('V331006H', '/img/product/12_3.jpg'),
('V641009', '/img/product/13_3.jpg'),
('V614004', '/img/product/14_3.jpg'),
('V631008', '/img/product/15_3.jpg'),
('V631013', '/img/product/16_3.jpg'),
('V641006', '/img/product/17_3.jpg'),
('V604004', '/img/product/18_3.jpg'),
('V601009D', '/img/product/19_3.jpg'),
('V611010D', '/img/product/20_3.jpg'),
('V612018C', '/img/product/21_3.jpg'),
('V601008C', '/img/product/22_3.jpg'),
('V624002D', '/img/product/23_3.jpg'),
('V631009D', '/img/product/24_3.jpg'),
('V611008H', '/img/product/25_3.jpg'),
('V631012D', '/img/product/26_3.jpg'),
('V641004C', '/img/product/27_3.jpg'),
('V612017C', '/img/product/28_3.jpg'),
('V631006C', '/img/product/29_3.jpg'),
('V644002C', '/img/product/30_3.jpg'),
('V611007C', '/img/product/31_3.jpg'),
('V611014C', '/img/product/32_3.jpg'),
('V601005C', '/img/product/33_3.jpg'),
('C613011', '/img/product/34_3.jpg'),
('C633015I', '/img/product/35_3.jpg'),
('C624001C', '/img/product/36_3.jpg'),
('C52461C', '/img/product/37_3.jpg'),
('C633005C', '/img/product/38_3.jpg'),
('C633006C', '/img/product/39_3.jpg'),
('C58828C', '/img/product/40_3.jpg'),
('V351014', '/img/product/41_3.jpg'),
('V850004C', '/img/product/42_3.jpg'),
('V301007D', '/img/product/43_3.jpg'),
('V331017C', '/img/product/44_3.jpg'),
('V301010', '/img/product/45_3.jpg'),
('V331006', '/img/product/46_3.jpg'),
('V352002', '/img/product/47_3.jpg'),
('V401008C', '/img/product/48_3.jpg'),
('V301005D', '/img/product/49_3.jpg'),
('V101019C', '/img/product/52_3.jpg'),
('V331011C', '/img/product/54_3.jpg'),
('C13115C', '/img/product/55_3.jpg'),
('C101015C', '/img/product/56_3.jpg'),
('Y401014C', '/img/product/57_3.jpg'),
('H101027C', '/img/product/58_3.jpg'),
('H101026C', '/img/product/59_3.jpg'),
('H301016C', '/img/product/60_3.jpg'),
('H111013C', '/img/product/61_3.jpg'),
('Y33407A', '/img/product/62_3.jpg'),
('Y33407B', '/img/product/63_3.jpg'),
('E351001', '/img/product/64_3.jpg'),
('Y331002', '/img/product/65_3.jpg'),
('V850009', '/img/product/67_3.jpg'),
('V301011C', '/img/product/68_3.jpg'),
('V301010D', '/img/product/69_3.jpg'),
('V301006C', '/img/product/70_3.jpg'),
('Y81269', '/img/product/71_3.jpg'),
('Y81269F', '/img/product/72_3.jpg'),
('V700005', '/img/product/73_3.jpg'),
('Y720002', '/img/product/74_3.jpg'),
('V710009C', '/img/product/75_3.jpg'),
('Y720003', '/img/product/76_3.jpg'),
('E730001', '/img/product/77_3.jpg'),
('C78189C', '/img/product/78_3.jpg'),
('C78191C', '/img/product/79_3.jpg'),
('H301016CA', '/img/product/80_3.jpg'),
('H331013C', '/img/product/81_3.jpg'),
('V710014D', '/img/product/82_3.jpg'),
('V730006', '/img/product/83_3.jpg'),
('D80412', '/img/product/84_3.jpg'),
('D80062', '/img/product/85_3.jpg'),
('D06982', '/img/product/86_3.jpg'),
('D03862', '/img/product/87_3.jpg'),
('D02452', '/img/product/88_3.jpg'),
('D64102', '/img/product/89_3.jpg'),
('D12092', '/img/product/90_3.jpg'),
('D12052', '/img/product/91_3.jpg'),
('D12049', '/img/product/92_3.jpg'),
('D11622', '/img/product/93_3.jpg'),
('D11099', '/img/product/94_3.jpg'),
('D11469', '/img/product/95_3.jpg'),
('D11159', '/img/product/96_3.jpg'),
('D11149', '/img/product/97_3.jpg'),
('D11132A', '/img/product/98_3.jpg'),
('D11029A', '/img/product/99_3.jpg'),
('D11029B', '/img/product/100_3.jpg'),
('D11089', '/img/product/101_3.jpg'),
('D11119', '/img/product/102_3.jpg'),
('D11132B', '/img/product/103_3.jpg'),
('D32299', '/img/product/104_3.jpg'),
('D29652', '/img/product/105_3.jpg'),
('D32169A', '/img/product/106_3.jpg'),
('D32169B', '/img/product/107_3.jpg'),
('D31182', '/img/product/108_3.jpg'),
('D11722', '/img/product/109_3.jpg'),
('D05162', '/img/product/110_3.jpg'),
('D23212', '/img/product/111_3.jpg'),
('D26692', '/img/product/112_3.jpg'),
('D30722', '/img/product/113_3.jpg'),
('D31632', '/img/product/114_3.jpg'),
('D07609', '/img/product/115_3.jpg'),
('D08742A', '/img/product/116_3.jpg'),
('D29162', '/img/product/117_3.jpg'),
('D08742B', '/img/product/118_3.jpg'),
('D10382', '/img/product/119_3.jpg'),
('D10102', '/img/product/120_3.jpg'),
('D09622', '/img/product/121_3.jpg'),
('D09852', '/img/product/122_3.jpg'),
('D1399', '/img/product/123_3.jpg'),
('D10392', '/img/product/124_3.jpg'),
('D10012', '/img/product/125_3.jpg'),
('D09322A', '/img/product/126_3.jpg'),
('D09762', '/img/product/127_3.jpg'),
('D09962', '/img/product/128_3.jpg'),
('D10022', '/img/product/129_3.jpg'),
('D10452A', '/img/product/130_3.jpg'),
('D10752', '/img/product/131_3.jpg'),
('D33942', '/img/product/132_3.jpg'),
('D10072', '/img/product/134_3.jpg'),
('D10142', '/img/product/135_3.jpg'),
('D10169', '/img/product/136_3.jpg'),
('D10592', '/img/product/137_3.jpg'),
('D09432A', '/img/product/138_3.jpg'),
('D09432B', '/img/product/139_3.jpg'),
('D09432C', '/img/product/140_3.jpg'),
('D11552', '/img/product/141_3.jpg'),
('D10932', '/img/product/142_3.jpg'),
('D10002', '/img/product/143_3.jpg'),
('D10602A', '/img/product/144_3.jpg'),
('D09382', '/img/product/145_3.jpg'),
('D09942A', '/img/product/146_3.jpg'),
('D10372', '/img/product/147_3.jpg'),
('D12199', '/img/product/148_3.jpg'),
('D60362A', '/img/product/149_3.jpg'),
('D10972', '/img/product/152_3.jpg'),
('D10312', '/img/product/156_3.jpg'),
('D10942', '/img/product/157_3.jpg'),
('D11292A', '/img/product/158_3.jpg'),
('D11609', '/img/product/159_3.jpg'),
('D60232A', '/img/product/160_3.jpg'),
('D12492', '/img/product/161_3.jpg'),
('D10442', '/img/product/162_3.jpg'),
('D10292', '/img/product/163_3.jpg'),
('D60362B', '/img/product/164_3.jpg'),
('D60232B', '/img/product/165_3.jpg'),
('D11922', '/img/product/166_3.jpg'),
('D11292B', '/img/product/167_3.jpg'),
('D10742', '/img/product/168_3.jpg'),
('D10312B', '/img/product/169_3.jpg'),
('D11292C', '/img/product/170_3.jpg'),
('D04932', '/img/product/171_3.jpg'),
('D02032', '/img/product/172_3.jpg'),
('D10452B', '/img/product/173_3.jpg'),
('D09942B', '/img/product/174_3.jpg'),
('D10602B', '/img/product/175_3.jpg'),
('D30312', '/img/product/177_3.jpg'),
('D23852', '/img/product/178_3.jpg'),
('D27072', '/img/product/181_3.jpg'),
('D06952', '/img/product/182_3.jpg'),
('D06662', '/img/product/183_3.jpg'),
('D05862', '/img/product/184_3.jpg'),
('D03322', '/img/product/185_3.jpg'),
('D07342', '/img/product/186_3.jpg'),
('D07492', '/img/product/187_3.jpg'),
('D06602', '/img/product/188_3.jpg'),
('D06442', '/img/product/189_3.jpg'),
('D05692', '/img/product/190_3.jpg'),
('D04222', '/img/product/191_3.jpg'),
('D02232', '/img/product/192_3.jpg'),
('D09322B', '/img/product/193_3.jpg'),
('D06942', '/img/product/194_3.jpg'),
('D05879', '/img/product/195_3.jpg'),
('D34152', '/img/product/196_3.jpg'),
('D08202', '/img/product/197_3.jpg'),
('D07592', '/img/product/198_3.jpg'),
('D06202', '/img/product/199_3.jpg'),
('D05529', '/img/product/200_3.jpg'),
('AD11499', '/img/product/201_3.jpg'),
('AD11069', '/img/product/202_3.jpg'),
('AD11449', '/img/product/203_3.jpg'),
('AD09492A', '/img/product/204_3.jpg'),
('AD09492B', '/img/product/205_3.jpg'),
('AD09262A', '/img/product/206_3.jpg'),
('AD09262B', '/img/product/207_3.jpg'),
('AD09222', '/img/product/208_3.jpg'),
('AD09202', '/img/product/209_3.jpg'),
('AD08852', '/img/product/210_3.jpg'),
('AD08662', '/img/product/211_3.jpg'),
('AD08632', '/img/product/212_3.jpg'),
('AD00472', '/img/product/213_3.jpg'),
('AD01822A', '/img/product/214_3.jpg'),
('AD01822B', '/img/product/215_3.jpg'),
('AD00132', '/img/product/216_3.jpg'),
('TS11872', '/img/product/218_3.jpg'),
('TS10902', '/img/product/219_3.jpg'),
('TS11859', '/img/product/220_3.jpg'),
('TS10042', '/img/product/222_3.jpg'),
('TS10302', '/img/product/223_3.jpg'),
('TS10132', '/img/product/225_3.jpg'),
('TS08872', '/img/product/226_3.jpg'),
('SM08532', '/img/product/227_3.jpg'),
('SM13822', '/img/product/228_3.jpg'),
('SM11282', '/img/product/229_3.jpg'),
('SM09822', '/img/product/230_3.jpg'),
('J04272', '/img/product/231_3.jpg'),
('J01192', '/img/product/232_3.jpg'),
('J01752', '/img/product/233_3.jpg'),
('J03112', '/img/product/235_3.jpg'),
('J04232', '/img/product/236_3.jpg'),
('J34192', '/img/product/237_3.jpg'),
('J03332', '/img/product/238_3.jpg'),
('J00652', '/img/product/239_3.jpg'),
('J33552', '/img/product/240_3.jpg'),
('J33282', '/img/product/241_3.jpg'),
('J04242', '/img/product/243_3.jpg'),
('J05242', '/img/product/244_3.jpg'),
('J02162', '/img/product/245_3.jpg'),
('J03832', '/img/product/247_3.jpg'),
('J06672', '/img/product/248_3.jpg'),
('J06452', '/img/product/249_3.jpg'),
('J04322', '/img/product/250_3.jpg'),
('Z11222', '/img/product/253_3.jpg'),
('Z11212', '/img/product/254_3.jpg'),
('Z10852', '/img/product/255_3.jpg'),
('Z10772', '/img/product/256_3.jpg'),
('Z10552A', '/img/product/257_3.jpg'),
('Z10552B', '/img/product/258_3.jpg'),
('Z10212', '/img/product/259_3.jpg'),
('Z09812', '/img/product/260_3.jpg'),
('Z09152', '/img/product/261_3.jpg'),
('Z67052A', '/img/product/262_3.jpg'),
('Z67052B', '/img/product/263_3.jpg'),
('Z10782', '/img/product/264_3.jpg'),
('Z10192', '/img/product/265_3.jpg'),
('Z09862', '/img/product/266_3.jpg'),
('Z09832', '/img/product/267_3.jpg'),
('Z09722', '/img/product/268_3.jpg'),
('Z09292', '/img/product/269_3.jpg'),
('Z09122', '/img/product/270_3.jpg'),
('Z08992', '/img/product/271_3.jpg'),
('Z08832', '/img/product/272_3.jpg'),
('Z06402', '/img/product/273_3.jpg'),
('Z10262', '/img/product/274_3.jpg'),
('Z10152', '/img/product/275_3.jpg'),
('Z09752', '/img/product/276_3.jpg'),
('Z09612A', '/img/product/277_3.jpg'),
('Z09612B', '/img/product/278_3.jpg'),
('Z10882', '/img/product/279_3.jpg'),
('Z08642', '/img/product/280_3.jpg'),
('Z09042', '/img/product/281_3.jpg'),
('Z08562', '/img/product/282_3.jpg'),
('Z09312', '/img/product/283_3.jpg'),
('Z08612', '/img/product/284_3.jpg'),
('Z80322', '/img/product/285_3.jpg'),
('Z80012', '/img/product/286_3.jpg'),
('Z08132', '/img/product/287_3.jpg'),
('Z08492', '/img/product/288_3.jpg'),
('Z25372', '/img/product/289_3.jpg'),
('Z16981', '/img/product/290_3.jpg'),
('Z05732', '/img/product/291_3.jpg'),
('Z80182', '/img/product/292_3.jpg'),
('Z08122', '/img/product/293_3.jpg'),
('Z06372', '/img/product/294_3.jpg'),
('Z06042', '/img/product/295_3.jpg'),
('Z05992', '/img/product/296_3.jpg'),
('Z05722', '/img/product/297_3.jpg'),
('Z05592', '/img/product/298_3.jpg'),
('Z05552', '/img/product/299_3.jpg'),
('Z04892', '/img/product/300_3.jpg'),
('V614006C', '/img/product/2_4.jpg'),
('V611020C', '/img/product/3_4.jpg'),
('V601016D', '/img/product/4_4.jpg'),
('V631020H', '/img/product/6_4.jpg'),
('V611016C', '/img/product/7_4.jpg'),
('V631010C', '/img/product/9_4.jpg'),
('V641007', '/img/product/11_4.jpg'),
('V331006H', '/img/product/12_4.jpg'),
('V641009', '/img/product/13_4.jpg'),
('V631008', '/img/product/15_4.jpg'),
('V631013', '/img/product/16_4.jpg'),
('V604004', '/img/product/18_4.jpg'),
('V601009D', '/img/product/19_4.jpg'),
('V611010D', '/img/product/20_4.jpg'),
('V612018C', '/img/product/21_4.jpg'),
('V601008C', '/img/product/22_4.jpg'),
('V624002D', '/img/product/23_4.jpg'),
('V631009D', '/img/product/24_4.jpg'),
('V611008H', '/img/product/25_4.jpg'),
('V641004C', '/img/product/27_4.jpg'),
('V612017C', '/img/product/28_4.jpg'),
('V631006C', '/img/product/29_4.jpg'),
('V644002C', '/img/product/30_4.jpg'),
('V611007C', '/img/product/31_4.jpg'),
('V611014C', '/img/product/32_4.jpg'),
('V601005C', '/img/product/33_4.jpg'),
('C633015I', '/img/product/35_4.jpg'),
('C624001C', '/img/product/36_4.jpg'),
('C52461C', '/img/product/37_4.jpg'),
('C633005C', '/img/product/38_4.jpg'),
('C633006C', '/img/product/39_4.jpg'),
('C58828C', '/img/product/40_4.jpg'),
('V351014', '/img/product/41_4.jpg'),
('V301007D', '/img/product/43_4.jpg'),
('V331017C', '/img/product/44_4.jpg'),
('V301010', '/img/product/45_4.jpg'),
('V331006', '/img/product/46_4.jpg'),
('V352002', '/img/product/47_4.jpg'),
('V301005D', '/img/product/49_4.jpg'),
('V331011C', '/img/product/54_4.jpg'),
('C13115C', '/img/product/55_4.jpg'),
('C101015C', '/img/product/56_4.jpg'),
('H101027C', '/img/product/58_4.jpg'),
('H101026C', '/img/product/59_4.jpg'),
('H301016C', '/img/product/60_4.jpg'),
('H111013C', '/img/product/61_4.jpg'),
('Y33407A', '/img/product/62_4.jpg'),
('E351001', '/img/product/64_4.jpg'),
('Y331002', '/img/product/65_4.jpg'),
('V850009', '/img/product/67_4.jpg'),
('Y81269', '/img/product/71_4.jpg'),
('V700005', '/img/product/73_4.jpg'),
('V710009C', '/img/product/75_4.jpg'),
('Y720003', '/img/product/76_4.jpg'),
('E730001', '/img/product/77_4.jpg'),
('C78189C', '/img/product/78_4.jpg'),
('H331013C', '/img/product/81_4.jpg'),
('V710014D', '/img/product/82_4.jpg'),
('V730006', '/img/product/83_4.jpg'),
('D80412', '/img/product/84_4.jpg'),
('D80062', '/img/product/85_4.jpg'),
('D06982', '/img/product/86_4.jpg'),
('D03862', '/img/product/87_4.jpg'),
('D02452', '/img/product/88_4.jpg'),
('D64102', '/img/product/89_4.jpg'),
('D12052', '/img/product/91_4.jpg'),
('D12049', '/img/product/92_4.jpg'),
('D11622', '/img/product/93_4.jpg'),
('D11099', '/img/product/94_4.jpg'),
('D11469', '/img/product/95_4.jpg'),
('D11159', '/img/product/96_4.jpg'),
('D11149', '/img/product/97_4.jpg'),
('D11132A', '/img/product/98_4.jpg'),
('D11029A', '/img/product/99_4.jpg'),
('D11029B', '/img/product/100_4.jpg'),
('D11089', '/img/product/101_4.jpg'),
('D11119', '/img/product/102_4.jpg'),
('D11132B', '/img/product/103_4.jpg'),
('D32299', '/img/product/104_4.jpg'),
('D29652', '/img/product/105_4.jpg'),
('D32169A', '/img/product/106_4.jpg'),
('D32169B', '/img/product/107_4.jpg'),
('D31182', '/img/product/108_4.jpg'),
('D11722', '/img/product/109_4.jpg'),
('D05162', '/img/product/110_4.jpg'),
('D23212', '/img/product/111_4.jpg'),
('D26692', '/img/product/112_4.jpg'),
('D30722', '/img/product/113_4.jpg'),
('D31632', '/img/product/114_4.jpg'),
('D07609', '/img/product/115_4.jpg'),
('D08742A', '/img/product/116_4.jpg'),
('D29162', '/img/product/117_4.jpg'),
('D08742B', '/img/product/118_4.jpg'),
('D10382', '/img/product/119_4.jpg'),
('D10102', '/img/product/120_4.jpg'),
('D09622', '/img/product/121_4.jpg'),
('D09852', '/img/product/122_4.jpg'),
('D1399', '/img/product/123_4.jpg'),
('D10392', '/img/product/124_4.jpg'),
('D10012', '/img/product/125_4.jpg'),
('D09322A', '/img/product/126_4.jpg'),
('D09762', '/img/product/127_4.jpg'),
('D09962', '/img/product/128_4.jpg'),
('D10022', '/img/product/129_4.jpg'),
('D10452A', '/img/product/130_4.jpg'),
('D10752', '/img/product/131_4.jpg'),
('D10072', '/img/product/134_4.jpg'),
('D10142', '/img/product/135_4.jpg'),
('D10169', '/img/product/136_4.jpg'),
('D10592', '/img/product/137_4.jpg'),
('D09432A', '/img/product/138_4.jpg'),
('D09432B', '/img/product/139_4.jpg'),
('D09432C', '/img/product/140_4.jpg'),
('D11552', '/img/product/141_4.jpg'),
('D10932', '/img/product/142_4.jpg'),
('D10002', '/img/product/143_4.jpg'),
('D10602A', '/img/product/144_4.jpg'),
('D09382', '/img/product/145_4.jpg'),
('D10372', '/img/product/147_4.jpg'),
('D12199', '/img/product/148_4.jpg'),
('D60362A', '/img/product/149_4.jpg'),
('D10972', '/img/product/152_4.jpg'),
('D10312', '/img/product/156_4.jpg'),
('D10942', '/img/product/157_4.jpg'),
('D11292A', '/img/product/158_4.jpg'),
('D11609', '/img/product/159_4.jpg'),
('D60232A', '/img/product/160_4.jpg'),
('D12492', '/img/product/161_4.jpg'),
('D10442', '/img/product/162_4.jpg'),
('D10292', '/img/product/163_4.jpg'),
('D60362B', '/img/product/164_4.jpg'),
('D60232B', '/img/product/165_4.jpg'),
('D11922', '/img/product/166_4.jpg'),
('D11292B', '/img/product/167_4.jpg'),
('D10742', '/img/product/168_4.jpg'),
('D10312B', '/img/product/169_4.jpg'),
('D11292C', '/img/product/170_4.jpg'),
('D04932', '/img/product/171_4.jpg'),
('D02032', '/img/product/172_4.jpg'),
('D10452B', '/img/product/173_4.jpg'),
('D09942B', '/img/product/174_4.jpg'),
('D10602B', '/img/product/175_4.jpg'),
('D27072', '/img/product/181_4.jpg'),
('D06952', '/img/product/182_4.jpg'),
('D06662', '/img/product/183_4.jpg'),
('D05862', '/img/product/184_4.jpg'),
('D03322', '/img/product/185_4.jpg'),
('D07342', '/img/product/186_4.jpg'),
('D07492', '/img/product/187_4.jpg'),
('D06602', '/img/product/188_4.jpg'),
('D06442', '/img/product/189_4.jpg'),
('D05692', '/img/product/190_4.jpg'),
('D04222', '/img/product/191_4.jpg'),
('D02232', '/img/product/192_4.jpg'),
('D09322B', '/img/product/193_4.jpg'),
('D06942', '/img/product/194_4.jpg'),
('D05879', '/img/product/195_4.jpg'),
('D34152', '/img/product/196_4.jpg'),
('D07592', '/img/product/198_4.jpg'),
('D06202', '/img/product/199_4.jpg'),
('D05529', '/img/product/200_4.jpg'),
('AD11499', '/img/product/201_4.jpg'),
('AD11069', '/img/product/202_4.jpg'),
('AD11449', '/img/product/203_4.jpg'),
('AD09492A', '/img/product/204_4.jpg'),
('AD09492B', '/img/product/205_4.jpg'),
('AD09262A', '/img/product/206_4.jpg'),
('AD09262B', '/img/product/207_4.jpg'),
('AD09222', '/img/product/208_4.jpg'),
('AD09202', '/img/product/209_4.jpg'),
('AD08852', '/img/product/210_4.jpg'),
('AD08662', '/img/product/211_4.jpg'),
('AD08632', '/img/product/212_4.jpg'),
('AD01822A', '/img/product/214_4.jpg'),
('AD00132', '/img/product/216_4.jpg'),
('TS11872', '/img/product/218_4.jpg'),
('TS10902', '/img/product/219_4.jpg'),
('TS11859', '/img/product/220_4.jpg'),
('TS10042', '/img/product/222_4.jpg'),
('TS10302', '/img/product/223_4.jpg'),
('TS10132', '/img/product/225_4.jpg'),
('TS08872', '/img/product/226_4.jpg'),
('SM08532', '/img/product/227_4.jpg'),
('SM13822', '/img/product/228_4.jpg'),
('SM11282', '/img/product/229_4.jpg'),
('SM09822', '/img/product/230_4.jpg'),
('J04272', '/img/product/231_4.jpg'),
('J01752', '/img/product/233_4.jpg'),
('J03112', '/img/product/235_4.jpg'),
('J04232', '/img/product/236_4.jpg'),
('J03332', '/img/product/238_4.jpg'),
('J00652', '/img/product/239_4.jpg'),
('J33552', '/img/product/240_4.jpg'),
('J05242', '/img/product/244_4.jpg'),
('J02162', '/img/product/245_4.jpg'),
('J03832', '/img/product/247_4.jpg'),
('J06672', '/img/product/248_4.jpg'),
('J06452', '/img/product/249_4.jpg'),
('J04322', '/img/product/250_4.jpg'),
('Z11222', '/img/product/253_4.jpg'),
('Z11212', '/img/product/254_4.jpg'),
('Z10852', '/img/product/255_4.jpg'),
('Z10772', '/img/product/256_4.jpg'),
('Z10552A', '/img/product/257_4.jpg'),
('Z10552B', '/img/product/258_4.jpg'),
('Z10212', '/img/product/259_4.jpg'),
('Z09812', '/img/product/260_4.jpg'),
('Z09152', '/img/product/261_4.jpg'),
('Z67052A', '/img/product/262_4.jpg'),
('Z67052B', '/img/product/263_4.jpg'),
('Z10782', '/img/product/264_4.jpg'),
('Z10192', '/img/product/265_4.jpg'),
('Z09862', '/img/product/266_4.jpg'),
('Z09832', '/img/product/267_4.jpg'),
('Z09722', '/img/product/268_4.jpg'),
('Z09292', '/img/product/269_4.jpg'),
('Z09122', '/img/product/270_4.jpg'),
('Z08992', '/img/product/271_4.jpg'),
('Z08832', '/img/product/272_4.jpg'),
('Z06402', '/img/product/273_4.jpg'),
('Z10262', '/img/product/274_4.jpg'),
('Z10152', '/img/product/275_4.jpg'),
('Z09752', '/img/product/276_4.jpg'),
('Z09612A', '/img/product/277_4.jpg'),
('Z09612B', '/img/product/278_4.jpg'),
('Z10882', '/img/product/279_4.jpg'),
('Z08642', '/img/product/280_4.jpg'),
('Z09042', '/img/product/281_4.jpg'),
('Z08562', '/img/product/282_4.jpg'),
('Z09312', '/img/product/283_4.jpg'),
('Z08612', '/img/product/284_4.jpg'),
('Z80322', '/img/product/285_4.jpg'),
('Z80012', '/img/product/286_4.jpg'),
('Z08132', '/img/product/287_4.jpg'),
('Z08492', '/img/product/288_4.jpg'),
('Z05732', '/img/product/291_4.jpg'),
('Z80182', '/img/product/292_4.jpg'),
('Z08122', '/img/product/293_4.jpg'),
('Z06372', '/img/product/294_4.jpg'),
('Z05992', '/img/product/296_4.jpg'),
('Z05722', '/img/product/297_4.jpg'),
('Z05592', '/img/product/298_4.jpg'),
('Z05552', '/img/product/299_4.jpg'),
('Z04892', '/img/product/300_4.jpg'),
('V611020C', '/img/product/3_5.jpg'),
('V611016C', '/img/product/7_5.jpg'),
('V641009', '/img/product/13_5.jpg'),
('V331006', '/img/product/46_5.jpg'),
('H101026C', '/img/product/59_5.jpg'),
('Y720003', '/img/product/76_5.jpg');

-- --------------------------------------------------------

--
-- Cấu trúc bảng cho bảng `loaisp`
--

CREATE TABLE `loaisp` (
  `IDLOAI` varchar(255) NOT NULL,
  `NameLoai` varchar(255) NOT NULL,
  `MOTA` text DEFAULT NULL
) ENGINE=InnoDB DEFAULT CHARSET=utf8;

--
-- Đang đổ dữ liệu cho bảng `loaisp`
--

INSERT INTO `loaisp` (`IDLOAI`, `NameLoai`, `MOTA`) VALUES
('4b998999-afd6-4625-9380-80607a942368', 'Quần', NULL),
('5723de72-32ec-4ef3-80ef-dd69b8a5cff0', 'Đầm', NULL),
('75d3d892-092f-40f0-a5d2-0e363e467bc7', 'Áo', NULL),
('89785699-ccdb-4431-85ba-f086d905d6c2', 'JUYP', NULL),
('b64902cb-b695-468d-8d53-06001076c4b1', 'JUMPSUIT', NULL);

-- --------------------------------------------------------

--
-- Cấu trúc bảng cho bảng `products`
--

CREATE TABLE `products` (
  `MASP` varchar(255) NOT NULL,
  `TENSP` varchar(255) NOT NULL,
  `IDBoSuuTap` varchar(255) NOT NULL,
  `MOTA` text DEFAULT NULL,
  `DONGIA` float NOT NULL,
  `SALE` float NOT NULL,
  `MAU` varchar(50) NOT NULL,
  `NGAYNHAP` date NOT NULL,
  `NGAYBATDAUSALE` date DEFAULT NULL,
  `NGAYKETTHUCSALE` date DEFAULT NULL,
  `LOAISP` varchar(50) NOT NULL,
  `TRANGTHAI` int(11) NOT NULL,
  `S` int(11) NOT NULL DEFAULT 0,
  `L` int(11) NOT NULL DEFAULT 0,
  `M` int(11) NOT NULL DEFAULT 0,
  `XL` int(11) NOT NULL DEFAULT 0
) ENGINE=InnoDB DEFAULT CHARSET=utf8;

--
-- Đang đổ dữ liệu cho bảng `products`
--

INSERT INTO `products` (`MASP`, `TENSP`, `IDBoSuuTap`, `MOTA`, `DONGIA`, `SALE`, `MAU`, `NGAYNHAP`, `NGAYBATDAUSALE`, `NGAYKETTHUCSALE`, `LOAISP`, `TRANGTHAI`, `S`, `L`, `M`, `XL`) VALUES
('AD00132', 'Áo Dài Phối Họa Tiết', 'cd4ec4de-cb87-4aed-8ad5-665f6083b3ba', 'Kiểu dáng: đầm liền thiết kế dáng chữ A dài qua gối, phần thân dáng gile kết hợp họa tiết kẻ, tay và cổ sơ mi tone màu trắng', 1795000, 0, 'Hồng', '2021-10-10', '2021-09-05', '2022-08-19', '75d3d892-092f-40f0-a5d2-0e363e467bc7', 1, 30, 0, 0, 0),
('AD00472', 'Áo Dài Phối Hoa Thêu', 'cd4ec4de-cb87-4aed-8ad5-665f6083b3ba', 'Kiểu dáng: đầm liền thiết kế dáng chữ A dài qua gối, phần thân họa tiết kẻ kết hợp tay và cổ sơ mi trắng', 1699000, 0.53, 'Hồng', '2021-05-04', '2021-10-11', '2022-11-17', '75d3d892-092f-40f0-a5d2-0e363e467bc7', 1, 28, 0, 30, 0),
('AD01822A', 'Áo Dài Đỏ Phối Hoa Thêu', 'cd4ec4de-cb87-4aed-8ad5-665f6083b3ba', 'Phù hợp: đi làm, sự kiện, hay đi dạo phố, tạo vẻ trẻ trung nữ tính cho người mặc.\"', 1694000, 0.5, 'Đỏ', '2021-10-20', '2021-02-17', '2022-07-24', '75d3d892-092f-40f0-a5d2-0e363e467bc7', 1, 1, 0, 28, 0),
('AD01822B', 'Áo Dai Phối Hoa Thêu', 'cd4ec4de-cb87-4aed-8ad5-665f6083b3ba', '\"Chất liệu: vải tổng hợp cao cấp', 1795000, 0.54, 'Cam', '2021-06-10', '2021-04-22', '2022-08-25', '75d3d892-092f-40f0-a5d2-0e363e467bc7', 1, 21, 0, 1, 0),
('AD08632', 'Áo Dài Trắng Tay Bồng', 'cd4ec4de-cb87-4aed-8ad5-665f6083b3ba', '\"Chất liệu: vải tổng hợp cao cấp', 1799000, 0.42, 'Trắng', '2021-06-07', '2021-05-27', '2022-11-01', '75d3d892-092f-40f0-a5d2-0e363e467bc7', 1, 67, 0, 21, 0),
('AD08662', 'Áo Dài Đỏ Phối Hoa Cắt', 'cd4ec4de-cb87-4aed-8ad5-665f6083b3ba', 'Phù hợp: đi làm, sự kiện, hay đi dạo phố, tạo vẻ trẻ trung nữ tính cho người mặc.\"', 1899000, 0.37, 'Đỏ', '2021-11-09', '2021-02-15', '2022-02-08', '75d3d892-092f-40f0-a5d2-0e363e467bc7', 1, 87, 0, 67, 0),
('AD08852', 'Áo Dài Đính Hoa Nổi', 'cd4ec4de-cb87-4aed-8ad5-665f6083b3ba', 'Kiểu dáng: đầm liền thiết kế 2 trong 1, dáng chữ A dài qua gối, tone màu nâu.', 1999000, 0.37, 'Đỏ', '2021-07-29', '2021-02-05', '2022-08-08', '75d3d892-092f-40f0-a5d2-0e363e467bc7', 1, 62, 0, 87, 0),
('AD09202', 'Áo Dài ĐínhsHoa Nổi', 'cd4ec4de-cb87-4aed-8ad5-665f6083b3ba', '\"Chất liệu: vải tổng hợp cao cấp', 1799000, 0.62, 'Kem', '2021-05-07', '2021-02-15', '2022-08-17', '75d3d892-092f-40f0-a5d2-0e363e467bc7', 1, 8, 0, 62, 0),
('AD09222', 'Áo Dài Xanh Thiết Kế', 'cd4ec4de-cb87-4aed-8ad5-665f6083b3ba', 'Phù hợp: đi làm, sự kiện, hay đi dạo phố, tạo vẻ trẻ trung nữ tính cho người mặc.\"', 1699000, 0.36, 'Chàm', '2022-11-20', '2021-01-09', '2022-04-25', '75d3d892-092f-40f0-a5d2-0e363e467bc7', 1, 54, 0, 8, 0),
('AD09262A', 'Áo Dài Phối Hoa Thêu', 'cd4ec4de-cb87-4aed-8ad5-665f6083b3ba', '\"Chất liệu: vải tổng hợp cao cấp', 1859000, 0.16, 'Vàng Chanh', '2021-08-25', '2021-04-18', '2022-02-10', '75d3d892-092f-40f0-a5d2-0e363e467bc7', 1, 50, 0, 54, 0),
('AD09262B', 'Áo Dài Phối Hoa Thêu', 'cd4ec4de-cb87-4aed-8ad5-665f6083b3ba', 'Kiểu dáng: đầm thiết kế dáng suông dài qua gối, tone màu đen trơn, kết hợp họa tiết thêu', 1699000, 0.69, 'Đỏ', '2022-11-28', '2021-07-16', '2022-07-10', '75d3d892-092f-40f0-a5d2-0e363e467bc7', 1, 2, 0, 50, 0),
('AD09492A', 'Áo Dài Cách Tân Dáng Ngắn', 'cd4ec4de-cb87-4aed-8ad5-665f6083b3ba', 'Kiểu dáng: ​đầm thiết kế dáng chữ A dài qua gối, tone màu hồng pastel, tay lỡ bồng nhẹ', 1859000, 0.53, 'Kem', '2021-04-23', '2021-02-07', '2022-05-22', '75d3d892-092f-40f0-a5d2-0e363e467bc7', 1, 61, 0, 2, 0),
('AD09492B', 'Áo Dài Cách Tân Dáng Ngắn', 'cd4ec4de-cb87-4aed-8ad5-665f6083b3ba', 'Phù hợp: đi làm, sự kiện, hay đi dạo phố, tạo vẻ thanh lịch cho người mặc.\"', 1859000, 0.29, 'Đỏ', '2022-10-03', '2021-11-25', '2022-09-16', '75d3d892-092f-40f0-a5d2-0e363e467bc7', 1, 23, 0, 61, 0),
('AD11069', 'Áo Dài Đính Hoa Sen', 'cd4ec4de-cb87-4aed-8ad5-665f6083b3ba', 'Phù hợp: đi làm, sự kiện, hay đi dạo phố, tạo vẻ trẻ trung nữ tính cho người mặc.\"', 1699000, 0.59, 'Kem', '2021-10-25', '2021-10-11', '2022-01-01', '75d3d892-092f-40f0-a5d2-0e363e467bc7', 1, 46, 0, 23, 0),
('AD11449', 'Áo Dài Hoa Xanh', 'cd4ec4de-cb87-4aed-8ad5-665f6083b3ba', '\"Chất liệu: vải dạ tweed cao cấp', 1759000, 0.42, 'Xanh Crom', '2021-05-21', '2021-06-01', '2022-04-08', '75d3d892-092f-40f0-a5d2-0e363e467bc7', 1, 95, 0, 46, 0),
('AD11499', 'Áo Dài Gấm Hoa', 'cd4ec4de-cb87-4aed-8ad5-665f6083b3ba', 'Kiểu dáng: đầm thiết kế ngắn tay dáng chữ A, độ dài qua gối,tone màu đen trơn kết hợp bông hoa 3D đính nổi', 1299000, 0.68, 'Trắng, Đỏ', '2021-05-14', '2021-06-27', '2022-05-23', '75d3d892-092f-40f0-a5d2-0e363e467bc7', 1, 58, 0, 95, 0),
('AD27319', 'Áo Dài Phối Hoa', 'cd4ec4de-cb87-4aed-8ad5-665f6083b3ba', 'Phù hợp: đi làm, sự kiện, hay đi dạo phố, tạo vẻ trẻ trung nữ tính cho người mặc.\"', 2592000, 0.77, 'Cam, Kem', '2021-04-02', '2021-09-13', '2022-06-22', '75d3d892-092f-40f0-a5d2-0e363e467bc7', 1, 39, 0, 58, 0),
('C101015C', 'Áo Sơ Mi Chất Liệu Lụa Kiểu Dáng Cổ Đức Dài Tay Họa Tiết Lá Vàng', 'e8301319-d1f0-4b00-9a1d-0ae5ba50deac', '', 897000, 0.68, 'Đen, Vàng', '2021-01-27', '2021-09-17', '2022-09-18', '75d3d892-092f-40f0-a5d2-0e363e467bc7', 1, 21, 0, 39, 0),
('C13115C', 'Áo Kiểu Dáng NgắnTay Thiết Kế Thêu Cúp Ngực Màu Đen', '8e615b3e-5d1c-47e7-a0f7-48986a58bb44', '', 1297000, 0.5, 'Đen', '2022-01-21', '2021-11-06', '2022-06-16', '75d3d892-092f-40f0-a5d2-0e363e467bc7', 1, 98, 0, 21, 0),
('C52461C', 'Đầm Dáng Xòe Kiểu Dáng 2 Dây Chất Liệu Ren Lưới Màu Đen', '8e615b3e-5d1c-47e7-a0f7-48986a58bb44', 'Đầm ôm sát nách tay bèo Thô đen ốp ren. Dáng đầm dài quá gối thanh lịch, sang trọng. Phù hợp các buổi dạ hội, dạo chơi của phái đẹp', 1697000, 0.06, 'Đen', '2021-03-15', '2021-10-14', '2022-06-07', '5723de72-32ec-4ef3-80ef-dd69b8a5cff0', 1, 63, 0, 98, 0),
('C58828C', 'Đầm Maxi Kiểu Dáng Ngắn Tay Màu Vàng', '8e615b3e-5d1c-47e7-a0f7-48986a58bb44', 'Đầm 2 dây phối kim tuyến, đăng ten, dáng xòe. Dây dải kết cổ điển, sang trọng,', 0, 0.46, 'Vàng', '2022-06-24', '2021-09-04', '2022-11-15', '5723de72-32ec-4ef3-80ef-dd69b8a5cff0', 1, 45, 0, 63, 0),
('C613011', 'Đầm Dáng Ôm Kiểu Dáng Sát Nách Thiết Kế Tay Bèo Chất Liệu Ren Màu Đen', '8e615b3e-5d1c-47e7-a0f7-48986a58bb44', '', 1597000, 0.14, 'Đen', '2021-07-23', '2021-03-23', '2022-01-26', '5723de72-32ec-4ef3-80ef-dd69b8a5cff0', 1, 22, 0, 45, 0),
('C624001C', 'Đầm Dáng Xòe Kiểu Dáng Sát Nách Thiết Kế Vạt Lệch Màu Trắng', '8e615b3e-5d1c-47e7-a0f7-48986a58bb44', '', 1597000, 0.71, 'Trắng', '2021-10-20', '2021-07-14', '2022-11-13', '5723de72-32ec-4ef3-80ef-dd69b8a5cff0', 1, 70, 0, 22, 0),
('C633005C', 'Đầm Dáng Xòe Kiểu Dáng 2 Dây Thiết Kế Kim Tuyến Màu Đen', '8e615b3e-5d1c-47e7-a0f7-48986a58bb44', 'Đầm xòe trễ vai đen, nơ ngực cách điệu. Dáng đầm dài quá gối thanh lịch, sang trọng. Phù hợp các buổi dạ hội, dạo chơi của phái đẹp', 1797000, 0.36, 'Đen', '2021-10-06', '2021-01-15', '2022-03-25', '5723de72-32ec-4ef3-80ef-dd69b8a5cff0', 1, 14, 0, 70, 0),
('C633006C', 'Đầm Dáng Xòe Kiểu Dáng Sát Nách Thiết Kế Vai Lệch Màu Vàng', '8e615b3e-5d1c-47e7-a0f7-48986a58bb44', 'Đầm suông kết hợp đây tết buộc eo duyên dáng. Sản phẩm mang lại cảm giác thoải mái, nhẹ nhàng, màu sắc tươi sáng, trang nhã.', 0, 0.71, 'Vàng', '2021-03-04', '2021-10-13', '2022-02-01', '5723de72-32ec-4ef3-80ef-dd69b8a5cff0', 1, 81, 0, 14, 0),
('C633015I', 'Đầm Dáng Xòe Kiểu Dáng Hai Dây Chất Liệu Lụa Thiết Kế Bèo Cổ Vai Nơ Màu Đen', '8e615b3e-5d1c-47e7-a0f7-48986a58bb44', '', 1797000, 0.73, 'Đen', '2021-08-29', '2021-02-24', '2022-10-13', '5723de72-32ec-4ef3-80ef-dd69b8a5cff0', 1, 90, 0, 81, 0),
('C78189C', 'Chân Váy Dáng Xòe Seven.AM Chất Liệu Ren Màu Đen', '494a1e4a-fe18-4c72-ab1e-ceff83cdd1dc', 'Hình ảnh nàng công nương của thập 80-90 như được tái hiện với set trang phục mới nhất của Seven.AM mang đậm nét vintage và thanh lịch.', 898000, 0.48, 'Đen', '2021-03-06', '2021-06-23', '2022-10-20', 'b64902cb-b695-468d-8d53-06001076c4b1', 1, 40, 0, 90, 0),
('C78191C', 'Chân Váy Dáng Xòe Seven.AM Họa Tiết Hoa Nổi Màu Vàng Kim Tuyến', '494a1e4a-fe18-4c72-ab1e-ceff83cdd1dc', '', 449000, 0.6, 'Đen, Đồng', '2022-02-08', '2021-03-15', '2022-02-12', 'b64902cb-b695-468d-8d53-06001076c4b1', 1, 72, 0, 40, 0),
('D02032', 'Đầm Thiết Kế Xếp Ly', 'cd4ec4de-cb87-4aed-8ad5-665f6083b3ba', 'Phù hợp: đi làm, sự kiện, hay đi dạo phố, tạo vẻ trẻ trung nữ tính cho người mặc.\"', 999000, 0.02, 'Kem', '2021-01-02', '2021-10-28', '2022-04-29', '4b998999-afd6-4625-9380-80607a942368', 1, 26, 0, 72, 0),
('D02232', 'Đầm Đen Thiết Kế', 'cd4ec4de-cb87-4aed-8ad5-665f6083b3ba', 'Kiểu dáng: đầm tiệc thiết kế dáng chữ A dài qua gối tone màu đỏ tươi, phần tay và vai pha voan lụa, tay lỡ bồng nhẹ', 1299000, 0.29, 'Đen', '2021-07-14', '2021-05-29', '2022-06-13', '4b998999-afd6-4625-9380-80607a942368', 1, 86, 0, 26, 0),
('D02452', 'Đầm Vàng Tay Rủ', 'cd4ec4de-cb87-4aed-8ad5-665f6083b3ba', '', 999000, 0.34, 'Vàng', '2021-01-21', '2021-02-13', '2022-11-01', '5723de72-32ec-4ef3-80ef-dd69b8a5cff0', 1, 70, 0, 86, 0),
('D03322', 'Đầm Cam Đính Hoa 3D', 'cd4ec4de-cb87-4aed-8ad5-665f6083b3ba', '\"Chất liệu: vải nhung cao cấp', 1159000, 0.13, 'Cam', '2021-03-04', '2021-10-14', '2022-10-04', '4b998999-afd6-4625-9380-80607a942368', 1, 22, 0, 70, 0),
('D03862', 'Đầm Suông Đỏ Phối Hoa 3D', 'cd4ec4de-cb87-4aed-8ad5-665f6083b3ba', '\"NGỌT NGÀO VÀ SANG TRỌNG VỚI GAM MÀU BE TRANG NHÃ', 1399000, 0.63, 'Đỏ', '2022-09-02', '2021-05-17', '2022-01-14', '5723de72-32ec-4ef3-80ef-dd69b8a5cff0', 1, 92, 0, 22, 0),
('D04222', 'Đầm Chấm Bi', 'cd4ec4de-cb87-4aed-8ad5-665f6083b3ba', '\"Chất liệu: vải taffta cao cấp', 999000, 0.35, 'Đen', '2021-06-06', '2021-02-18', '2022-09-21', '4b998999-afd6-4625-9380-80607a942368', 1, 45, 0, 92, 0),
('D04932', 'Đầm Ôm Đen', 'cd4ec4de-cb87-4aed-8ad5-665f6083b3ba', 'Kiểu dáng: đầm tiệc dáng ôm họa tiết nanh sói, độ dài qua gối, tay dơi bồng nhẹ kết hợp cổ nhún cách điệu', 1159000, 0.39, 'Đen', '2021-03-17', '2021-07-29', '2022-01-18', '4b998999-afd6-4625-9380-80607a942368', 1, 93, 0, 45, 0),
('D05162', 'Đầm Suông Đen', 'cd4ec4de-cb87-4aed-8ad5-665f6083b3ba', '', 1399000, 0.34, 'Đen', '2021-04-20', '2021-05-15', '2022-07-03', '4b998999-afd6-4625-9380-80607a942368', 1, 41, 0, 93, 0),
('D05529', 'Đầm Tiệc Xanh Không Tay', 'cd4ec4de-cb87-4aed-8ad5-665f6083b3ba', '\"Chất liệu: vải tổng hợp cao cấp', 1159000, 0.18, '\"', '2021-05-25', '2021-11-12', '2022-01-04', '4b998999-afd6-4625-9380-80607a942368', 1, 85, 0, 41, 0),
('D05692', 'Đầm Họa Tiết', 'cd4ec4de-cb87-4aed-8ad5-665f6083b3ba', 'Phù hợp: đi làm, sự kiện, hay đi dạo phố, tạo vẻ trẻ trung nữ tính cho người mặc.\"', 1299000, 0.48, 'Kem', '2021-09-06', '2021-08-15', '2022-09-28', '4b998999-afd6-4625-9380-80607a942368', 1, 83, 0, 85, 0),
('D05862', 'Đầm Đen Không Tay', 'cd4ec4de-cb87-4aed-8ad5-665f6083b3ba', 'Phù hợp: đi làm, sự kiện, hay đi dạo phố, tạo vẻ trẻ trung nữ tính cho người mặc.\"', 1159000, 0.39, 'Đen', '2022-03-12', '2021-03-09', '2022-04-09', '4b998999-afd6-4625-9380-80607a942368', 1, 4, 0, 83, 0),
('D05879', 'Đầm Đen Đính Hoa Nổi', 'cd4ec4de-cb87-4aed-8ad5-665f6083b3ba', 'Kiểu dáng: đầm tiệc 2 dây dáng ôm, dài qua gối, tone màu đen hồng nhạt, eo đính nơ bản to, kết hợp tà chất liệu voan sequin', 1159000, 0.24, 'Đen', '2022-10-02', '2021-10-11', '2022-03-09', '4b998999-afd6-4625-9380-80607a942368', 1, 52, 0, 4, 0),
('D06202', 'Đầm Đuôi Cá Xếp Ly', 'cd4ec4de-cb87-4aed-8ad5-665f6083b3ba', 'Phù hợp: đi làm, sự kiện, hay đi dạo phố, tạo vẻ trẻ trung nữ tính cho người mặc.\"', 1299000, 0.72, 'Lam sẫm', '2022-11-12', '2021-07-04', '2022-02-07', '4b998999-afd6-4625-9380-80607a942368', 1, 59, 0, 52, 0),
('D06442', 'Đầm Thiết Kế', 'cd4ec4de-cb87-4aed-8ad5-665f6083b3ba', 'Kiểu dáng: đầm thiết kế dáng ôn dài qua gối, tone màu hồng nhạt, phần cổ đổ cách điệu', 1199000, 0.63, 'AnhĐào', '2021-05-16', '2021-04-12', '2022-10-11', '4b998999-afd6-4625-9380-80607a942368', 1, 84, 0, 59, 0),
('D06602', 'Đầm Hoa Nhí', 'cd4ec4de-cb87-4aed-8ad5-665f6083b3ba', '\"Chất liệu: vải tổng hợp cao cấp', 1259000, 0.51, 'Hồng', '2022-05-25', '2021-10-06', '2022-06-29', '4b998999-afd6-4625-9380-80607a942368', 1, 50, 0, 84, 0),
('D06662', 'Đầm MAXI Thiết Kế', 'cd4ec4de-cb87-4aed-8ad5-665f6083b3ba', 'Kiểu dáng: đầm tiệc thiết kế rớt vai, dáng chữ A dài qua gối tone màu cam trơn', 1199000, 0.14, 'Đỏ Son', '2022-04-22', '2021-04-18', '2022-05-27', '4b998999-afd6-4625-9380-80607a942368', 1, 91, 0, 50, 0),
('D06942', 'Đầm Đuôi Cá Thêu Hoa', 'cd4ec4de-cb87-4aed-8ad5-665f6083b3ba', '\"Chất liệu: vải tafta cao cấp', 1299000, 0.71, '\"Xanh Cô Ban', '2022-10-11', '2021-05-23', '2022-07-27', '4b998999-afd6-4625-9380-80607a942368', 1, 68, 0, 91, 0),
('D06952', 'Đầm Thiết Kế Phối Bèo', 'cd4ec4de-cb87-4aed-8ad5-665f6083b3ba', '\"Chất liệu: vải tafta cao cấp', 1691000, 0.26, 'Xanh Crom', '2022-02-12', '2021-01-28', '2022-06-26', '4b998999-afd6-4625-9380-80607a942368', 1, 62, 0, 68, 0),
('D06982', 'Đầm Đen Phối Chỉ Nổi', 'cd4ec4de-cb87-4aed-8ad5-665f6083b3ba', 'Cùng sở hữu ngay nhé!\"', 1099000, 0.65, 'Đen', '2022-04-04', '2021-11-21', '2022-09-01', '5723de72-32ec-4ef3-80ef-dd69b8a5cff0', 1, 80, 0, 62, 0),
('D07132', 'Đầm Thiết Kế', 'cd4ec4de-cb87-4aed-8ad5-665f6083b3ba', 'Phù hợp: đi làm, sự kiện, hay đi dạo phố, tạo vẻ trẻ trung nữ tính cho người mặc.\"', 1652000, 0.4, 'Men Ngọc', '2022-11-14', '2021-02-09', '2022-03-06', '4b998999-afd6-4625-9380-80607a942368', 1, 6, 0, 80, 0),
('D07342', 'Đầm Suông Thiết Kế', 'cd4ec4de-cb87-4aed-8ad5-665f6083b3ba', 'Kiểu dáng: đầm thiết kế dáng ôm, dài qua gối, tone màu nâu trơn, cổ nhún cách điệu', 1159000, 0.19, 'San Hô', '2022-01-10', '2021-05-12', '2022-06-06', '4b998999-afd6-4625-9380-80607a942368', 1, 5, 0, 6, 0),
('D07492', 'Đầm Hoa Thiết Kế', 'cd4ec4de-cb87-4aed-8ad5-665f6083b3ba', 'Phù hợp: đi làm, sự kiện, hay đi dạo phố, tạo vẻ trẻ trung nữ tính cho người mặc.\"', 999000, 0.21, 'Trắng, Hồng', '2021-07-28', '2021-11-06', '2022-07-26', '4b998999-afd6-4625-9380-80607a942368', 1, 62, 0, 5, 0),
('D07592', 'Đầm Suông Thêu Họa Tiết', 'cd4ec4de-cb87-4aed-8ad5-665f6083b3ba', 'Kiểu dáng: đầm tiệc 2 dây dáng ôm, dài qua gối, tone màu đen trơn, eo đính nơ bản to, kết hợp tà chất liệu voan sequin', 699300, 0.01, 'Đen', '2022-11-14', '2021-07-08', '2022-09-04', '4b998999-afd6-4625-9380-80607a942368', 1, 36, 0, 62, 0),
('D07609', 'Đầm Thiết Kế Thêu Hoa', 'cd4ec4de-cb87-4aed-8ad5-665f6083b3ba', '', 1755000, 0.32, 'Đen', '2021-06-01', '2021-04-10', '2022-08-18', '4b998999-afd6-4625-9380-80607a942368', 1, 28, 0, 36, 0),
('D08202', 'Đầm Suông Tay Bồng', 'cd4ec4de-cb87-4aed-8ad5-665f6083b3ba', '\"Chất liệu: vải tafta cao cấp', 1159000, 0.12, 'Da', '2022-05-10', '2021-10-26', '2022-01-10', '4b998999-afd6-4625-9380-80607a942368', 1, 39, 0, 28, 0),
('D08742A', 'Đầm Thiết Kế Tay Lỡ', 'cd4ec4de-cb87-4aed-8ad5-665f6083b3ba', 'Kết hợp với một chiếc quần short cạp cao, crop blazer tạo nên set đồ chinh phục mọi ánh nhìn của phái đẹp.\"', 1459000, 0.23, 'Trắng', '2021-04-22', '2021-05-01', '2022-01-05', '4b998999-afd6-4625-9380-80607a942368', 1, 97, 0, 39, 30),
('D08742B', 'Đầm Kẻ Tay Bồng', 'cd4ec4de-cb87-4aed-8ad5-665f6083b3ba', 'Chân váy tà bung dễ dàng mix với áo sơ mi, tạo set đồ thanh lịch, sang trọng. ', 999000, 0.13, 'Xám', '2021-10-02', '2021-04-18', '2022-05-11', '4b998999-afd6-4625-9380-80607a942368', 1, 54, 0, 97, 28),
('D09322A', 'Đầm Hoa Dài Tay', 'cd4ec4de-cb87-4aed-8ad5-665f6083b3ba', '', 859000, 0.25, 'Đen', '2022-03-07', '2021-04-01', '2022-03-09', '4b998999-afd6-4625-9380-80607a942368', 1, 86, 0, 54, 1),
('D09322B', 'Đầm Hoa Dài Tay', 'cd4ec4de-cb87-4aed-8ad5-665f6083b3ba', 'Phù hợp: đi làm, sự kiện, hay đi dạo phố, tạo vẻ trẻ trung nữ tính cho người mặc.\"', 1159000, 0.53, 'San Hô', '2022-05-06', '2021-10-07', '2022-11-14', '4b998999-afd6-4625-9380-80607a942368', 1, 59, 0, 86, 21),
('D09382', 'Đầm Ôm Cổ Bẻ', 'cd4ec4de-cb87-4aed-8ad5-665f6083b3ba', 'Phù hợp: đi làm, sự kiện, hay đi dạo phố, tạo vẻ trẻ trung nữ tính cho người mặc.\"', 1499000, 0.53, 'Nâu Tanin', '2022-07-15', '2021-09-09', '2022-09-19', '4b998999-afd6-4625-9380-80607a942368', 1, 28, 0, 59, 67),
('D09432A', 'Đầm Đỏ Tay Bồng', 'cd4ec4de-cb87-4aed-8ad5-665f6083b3ba', 'Kiểu dáng: đầm thiết kế dáng suông dài qua gối, tone màu đỏ , kết hợp bông hoa 3D bản to đính nổi', 1359000, 0.63, 'Đỏ', '2021-02-09', '2021-02-16', '2022-11-02', '4b998999-afd6-4625-9380-80607a942368', 1, 70, 0, 28, 87),
('D09432B', 'Đầm Đen Tay Bồng', 'cd4ec4de-cb87-4aed-8ad5-665f6083b3ba', 'Phù hợp: đi làm, sự kiện, hay đi dạo phố, tạo vẻ trẻ trung nữ tính cho người mặc.\"', 1399000, 0.33, 'Đen', '2021-09-20', '2021-07-28', '2022-10-08', '4b998999-afd6-4625-9380-80607a942368', 1, 84, 0, 70, 62),
('D09432C', 'Đầm Đỏ Tay Bồng', 'cd4ec4de-cb87-4aed-8ad5-665f6083b3ba', '\"Chất liệu: vải tổng hợp cao cấp', 1559000, 0.32, 'Đỏ', '2021-11-07', '2021-03-28', '2022-07-10', '4b998999-afd6-4625-9380-80607a942368', 1, 26, 0, 84, 8),
('D09622', 'Đầm Vàng Thiết Kế', 'cd4ec4de-cb87-4aed-8ad5-665f6083b3ba', '', 1459000, 0.61, 'Vàng', '2022-07-19', '2021-10-26', '2022-02-08', '4b998999-afd6-4625-9380-80607a942368', 1, 55, 0, 26, 54),
('D09762', 'Đầm MIDI Họa Tiết', 'cd4ec4de-cb87-4aed-8ad5-665f6083b3ba', '', 1299000, 0.45, 'Be, Đen', '2021-11-14', '2021-05-29', '2022-10-27', '4b998999-afd6-4625-9380-80607a942368', 1, 39, 0, 55, 50),
('D09852', 'Đầm Thiết Kế', 'cd4ec4de-cb87-4aed-8ad5-665f6083b3ba', '', 1299000, 0.67, 'Nâu Tanin, Đen', '2021-03-07', '2021-11-26', '2022-06-09', '4b998999-afd6-4625-9380-80607a942368', 1, 66, 0, 39, 2),
('D09942A', 'Đầm Đuôi Cá', 'cd4ec4de-cb87-4aed-8ad5-665f6083b3ba', '\"Chất liệu: vải dạ cao cấp', 899000, 0.04, 'Đen', '2022-04-24', '2021-05-16', '2022-04-13', '4b998999-afd6-4625-9380-80607a942368', 1, 22, 0, 66, 61),
('D09942B', 'Đầm Đuôi Cá', 'cd4ec4de-cb87-4aed-8ad5-665f6083b3ba', 'Kiểu dáng: đầm tiệc dáng ôm dài qua gối, tone màu nâu ánh nhũ, thiết kế vạt đáp chéo cách điệu, vai đính hoa 3D bản to', 1259000, 0.44, 'Kem', '2022-07-03', '2021-03-26', '2022-07-04', '4b998999-afd6-4625-9380-80607a942368', 1, 38, 0, 22, 23),
('D09962', 'Đầm Nhung Tay Bồng', 'cd4ec4de-cb87-4aed-8ad5-665f6083b3ba', '\"Chất liệu: vải tổng hợp cao cấp', 1299000, 0, 'Be', '2021-04-09', '2021-02-15', '2022-03-29', '4b998999-afd6-4625-9380-80607a942368', 1, 24, 0, 38, 46),
('D10002', 'Đầm Nhung Đỏ Tay Bồng', 'cd4ec4de-cb87-4aed-8ad5-665f6083b3ba', '\"Chất liệu: vải len cao cấp', 1299000, 0.22, 'Đỏ', '2022-03-12', '2021-07-12', '2022-07-18', '4b998999-afd6-4625-9380-80607a942368', 1, 5, 0, 24, 95),
('D10012', 'Đầm Thiết Kế Không Tay', 'cd4ec4de-cb87-4aed-8ad5-665f6083b3ba', '', 899000, 0.49, 'Xám', '2022-04-27', '2021-11-10', '2022-08-20', '4b998999-afd6-4625-9380-80607a942368', 1, 49, 0, 5, 58),
('D10022', 'Đầm Liền Phối Da Beo', 'cd4ec4de-cb87-4aed-8ad5-665f6083b3ba', 'Kiểu dáng: đầm tthiết kế dáng chữ suông dài qua gối, tone màu đen trơn đính cườm, tay voan bồng ', 1299000, 0.44, 'Da, Đen', '2022-03-28', '2021-02-05', '2022-09-19', '4b998999-afd6-4625-9380-80607a942368', 1, 95, 0, 49, 39),
('D10072', 'Đầm Đen Thiết Kế', 'cd4ec4de-cb87-4aed-8ad5-665f6083b3ba', '\"Chất liệu: vải tổng hợp cao cấp', 1159000, 0.51, 'Đen', '2021-10-02', '2021-08-29', '2022-09-29', '4b998999-afd6-4625-9380-80607a942368', 1, 40, 0, 95, 21),
('D10102', 'Đầm Nhung Tay Bông', 'cd4ec4de-cb87-4aed-8ad5-665f6083b3ba', '', 999000, 0.06, 'Đen', '2021-11-06', '2021-09-01', '2022-11-05', '4b998999-afd6-4625-9380-80607a942368', 1, 36, 0, 40, 98),
('D10142', 'Đầm Nhung Tay Voan', 'cd4ec4de-cb87-4aed-8ad5-665f6083b3ba', 'Kiểu dáng: đầm thiết kế dáng chữ A dài qua gối, tone màu đen trơn kết hợp đường trần chỉ, tay voan rủ', 1359000, 0.26, 'Đỏ', '2022-11-11', '2021-01-29', '2022-10-24', '4b998999-afd6-4625-9380-80607a942368', 1, 20, 0, 36, 63),
('D10169', 'Đầm Nhung Tay Lỡ', 'cd4ec4de-cb87-4aed-8ad5-665f6083b3ba', 'Phù hợp: đi làm, sự kiện, hay đi dạo phố, tạo vẻ trẻ trung nữ tính cho người mặc.\"', 1259000, 0.46, 'Đỏ', '2022-10-23', '2021-11-25', '2022-06-03', '4b998999-afd6-4625-9380-80607a942368', 1, 74, 0, 20, 45),
('D10292', 'Đầm Thiết Kế', 'cd4ec4de-cb87-4aed-8ad5-665f6083b3ba', 'Phù hợp: đi làm, sự kiện, hay đi dạo phố, tạo vẻ trẻ trung nữ tính cho người mặc.\"', 1259000, 0.06, 'Đen', '2021-07-05', '2021-03-22', '2022-06-26', '4b998999-afd6-4625-9380-80607a942368', 1, 99, 0, 74, 22),
('D10312', 'Đầm Xanh Tay Bồng', 'cd4ec4de-cb87-4aed-8ad5-665f6083b3ba', 'Kiểu dáng: đầm thiết kế dáng chữ A dài qua gối, tone màu đen trơn, cổ phối đăng ten cách điệu', 659000, 0.29, 'Chàm', '2021-11-17', '2021-07-13', '2022-05-17', '4b998999-afd6-4625-9380-80607a942368', 1, 42, 0, 99, 70),
('D10312B', 'Đầm Nâu Tay Bồng', 'cd4ec4de-cb87-4aed-8ad5-665f6083b3ba', 'Phù hợp: đi làm, sự kiện, hay đi dạo phố, tạo vẻ trẻ trung nữ tính cho người mặc.\"', 1399000, 0.16, 'Nâu', '2021-10-18', '2021-11-12', '2022-07-17', '4b998999-afd6-4625-9380-80607a942368', 1, 39, 0, 0, 14),
('D10372', 'Đầm Xếp Ly', 'cd4ec4de-cb87-4aed-8ad5-665f6083b3ba', 'Kiểu dáng: đầm thiết kế dáng suông tone màu đen trơn, kết hợp tay chất liệu nhũ ánh', 1099000, 0, 'Đen, Vàng', '2022-07-09', '2021-07-16', '2022-10-02', '4b998999-afd6-4625-9380-80607a942368', 1, 48, 0, 0, 81),
('D10382', 'Đầm Da Beo', 'cd4ec4de-cb87-4aed-8ad5-665f6083b3ba', '', 1059000, 0.65, 'Da, Đen', '2021-02-07', '2021-08-08', '2022-04-22', '4b998999-afd6-4625-9380-80607a942368', 1, 91, 0, 0, 90),
('D10392', 'Đầm Len Ôm Phối Nơ', 'cd4ec4de-cb87-4aed-8ad5-665f6083b3ba', '', 1399000, 0.45, 'Nâu', '2022-03-18', '2021-03-19', '2022-11-18', '4b998999-afd6-4625-9380-80607a942368', 1, 78, 0, 0, 40),
('D10442', 'Đầm Đen Thiết Kế', 'cd4ec4de-cb87-4aed-8ad5-665f6083b3ba', 'Kiểu dáng: đầm tiệc dáng chữ A dài qua gối, tay bồng nhẹ, tone màu vàng ánh kim in họa tiết hoa bản to', 1299000, 0.16, 'Xám', '2022-07-09', '2021-10-10', '2022-01-10', '4b998999-afd6-4625-9380-80607a942368', 1, 15, 0, 0, 72),
('D10452A', 'Đầm Kẻ Đỏ', 'cd4ec4de-cb87-4aed-8ad5-665f6083b3ba', 'Phù hợp: đi làm, sự kiện, hay đi dạo phố, tạo vẻ trẻ trung nữ tính cho người mặc.\"', 1159000, 0.11, 'Đỏ', '2021-07-21', '2021-11-09', '2022-10-11', '4b998999-afd6-4625-9380-80607a942368', 1, 24, 0, 0, 26),
('D10452B', 'Đầm Len In Chữ', 'cd4ec4de-cb87-4aed-8ad5-665f6083b3ba', '\"Chất liệu: vải tổng hợp cao cấp', 1459000, 0.7, 'Kaki', '2021-11-09', '2021-04-14', '2022-01-06', '4b998999-afd6-4625-9380-80607a942368', 1, 48, 0, 0, 86),
('D10592', 'Đầm Liền Thiết Kế', 'cd4ec4de-cb87-4aed-8ad5-665f6083b3ba', '\"Chất liệu: vải tổng hợp cao cấp', 1659000, 0.77, 'Đỏ', '2021-03-17', '2021-01-24', '2022-11-15', '4b998999-afd6-4625-9380-80607a942368', 1, 83, 0, 0, 70),
('D10602A', 'Đầm Nhung Xếp Ly', 'cd4ec4de-cb87-4aed-8ad5-665f6083b3ba', 'Kiểu dáng: đầm thiết kế dáng suông tone màu đỏ, kết hợp họa tiết trắng', 1499000, 0.03, 'Đỏ', '2021-03-19', '2021-05-16', '2022-05-08', '4b998999-afd6-4625-9380-80607a942368', 1, 45, 0, 0, 0),
('D10602B', 'Đầm Nhung Xếp Ly', 'cd4ec4de-cb87-4aed-8ad5-665f6083b3ba', 'Phù hợp: đi làm, sự kiện, hay đi dạo phố, tạo vẻ trẻ trung nữ tính cho người mặc.\"', 1099000, 0.43, 'Xanh Thủy Tinh', '2021-01-27', '2021-04-28', '2022-02-05', '4b998999-afd6-4625-9380-80607a942368', 1, 63, 0, 0, 0),
('D10742', 'Đầm GILE Thiết Kế', 'cd4ec4de-cb87-4aed-8ad5-665f6083b3ba', 'Kiểu dáng: đầm thiết kế dáng ôm dài qua gối, phần eo cách điệu, chân váy xẻ cao ', 1159000, 0.31, 'Kaki', '2022-03-01', '2021-06-20', '2022-06-26', '4b998999-afd6-4625-9380-80607a942368', 1, 50, 0, 0, 0),
('D10752', 'Đầm Ôm Da Beo', 'cd4ec4de-cb87-4aed-8ad5-665f6083b3ba', '\"Chất liệu: vải tổng hợp cao cấp', 1259000, 0.45, 'Nâu', '2022-10-16', '2021-03-26', '2022-08-24', '4b998999-afd6-4625-9380-80607a942368', 1, 47, 0, 0, 0),
('D10932', 'Đầm Thiết Kế Thêu Chữ', 'cd4ec4de-cb87-4aed-8ad5-665f6083b3ba', 'Phù hợp: đi làm, sự kiện, hay đi dạo phố, tạo vẻ trẻ trung nữ tính cho người mặc.\"', 1399000, 0.04, 'Đồng', '2022-03-25', '2021-04-23', '2022-10-05', '4b998999-afd6-4625-9380-80607a942368', 1, 43, 0, 0, 0),
('D10942', 'Đầm Thiết Kế', 'cd4ec4de-cb87-4aed-8ad5-665f6083b3ba', 'Phù hợp: đi làm, sự kiện, hay đi dạo phố, tạo vẻ trẻ trung nữ tính cho người mặc.\"', 1499000, 0.59, 'Cam Cháy', '2022-04-27', '2021-09-05', '2022-06-15', '4b998999-afd6-4625-9380-80607a942368', 1, 84, 0, 0, 0),
('D10972', 'Đầm Liền Thiết Kế', 'cd4ec4de-cb87-4aed-8ad5-665f6083b3ba', '\"Chất liệu: vải nhung cao cấp', 1751000, 0.23, 'Hồng', '2021-03-06', '2021-03-28', '2022-11-25', '4b998999-afd6-4625-9380-80607a942368', 1, 87, 0, 0, 0),
('D11029A', 'Đầm Tiệc Nâu', 'cd4ec4de-cb87-4aed-8ad5-665f6083b3ba', '', 1299000, 0.07, 'Nâu', '2022-03-01', '2021-07-15', '2022-01-14', '4b998999-afd6-4625-9380-80607a942368', 1, 34, 0, 0, 0),
('D11029B', 'Đầm Tiệc Đỏ', 'cd4ec4de-cb87-4aed-8ad5-665f6083b3ba', 'Kiểu dáng: Dáng áo trẻ trung. Kết hợp cùng Chân váy Y81262B để có set đồ hoàn hảo', 1459000, 0.46, 'Đỏ', '2021-01-03', '2021-06-01', '2022-05-27', '4b998999-afd6-4625-9380-80607a942368', 1, 57, 0, 0, 0),
('D11089', 'Đầm Tiệc Cao Cấp', 'cd4ec4de-cb87-4aed-8ad5-665f6083b3ba', '', 1459000, 0.77, 'Xanh Thổ', '2022-02-25', '2021-03-11', '2022-02-25', '4b998999-afd6-4625-9380-80607a942368', 1, 91, 0, 0, 0),
('D11099', 'Đầm Trắng Phối Hoa 3D', 'cd4ec4de-cb87-4aed-8ad5-665f6083b3ba', '', 1399000, 0.69, 'Trắng', '2021-04-08', '2021-11-09', '2022-08-03', '5723de72-32ec-4ef3-80ef-dd69b8a5cff0', 1, 73, 0, 0, 0),
('D11119', 'Đầm Tiệc Thiết Kế', 'cd4ec4de-cb87-4aed-8ad5-665f6083b3ba', 'Phù hợp cho chị em đi làm, đi chơi\"', 1659000, 0.36, 'Cam', '2022-10-09', '2021-04-03', '2022-05-06', '4b998999-afd6-4625-9380-80607a942368', 1, 84, 0, 0, 0),
('D11132A', 'Đầm Tiệc Xám Thắt Eo', 'cd4ec4de-cb87-4aed-8ad5-665f6083b3ba', 'Màu sắc: Đen', 1559000, 0.51, 'Xám', '2022-03-24', '2021-04-03', '2022-01-24', '5723de72-32ec-4ef3-80ef-dd69b8a5cff0', 1, 83, 0, 0, 0),
('D11132B', 'Đầm Nhung Thiết Kế', 'cd4ec4de-cb87-4aed-8ad5-665f6083b3ba', '', 1499000, 0.68, 'Nâu', '2021-11-06', '2021-03-03', '2022-09-02', '4b998999-afd6-4625-9380-80607a942368', 1, 63, 0, 0, 0),
('D11149', 'Đầm Nhung Thiết Kế', 'cd4ec4de-cb87-4aed-8ad5-665f6083b3ba', '', 1459000, 0.18, 'Đỏ', '2022-10-13', '2021-11-19', '2022-08-18', '5723de72-32ec-4ef3-80ef-dd69b8a5cff0', 1, 82, 0, 0, 0),
('D11159', 'Đầm Tiệc Phối Họa Tiết Hoa', 'cd4ec4de-cb87-4aed-8ad5-665f6083b3ba', '\"Chất liệu: Nhũ', 1759000, 0.56, 'Trắng, Đỏ', '2022-01-17', '2021-02-13', '2022-05-19', '5723de72-32ec-4ef3-80ef-dd69b8a5cff0', 1, 31, 0, 0, 0),
('D11292A', 'Đầm Hoa Đen', 'cd4ec4de-cb87-4aed-8ad5-665f6083b3ba', '\"Chất liệu: vải xốp cao cấp', 1359000, 0, 'Đen', '2021-03-13', '0000-00-00', '0000-00-00', '4b998999-afd6-4625-9380-80607a942368', 1, 18, 0, 0, 0),
('D11292B', 'Đầm Suông Trắng', 'cd4ec4de-cb87-4aed-8ad5-665f6083b3ba', '\"Chất liệu: vải nhung cao cấp', 1299000, 0, 'Trắng, Đen', '2021-10-12', '0000-00-00', '0000-00-00', '4b998999-afd6-4625-9380-80607a942368', 1, 3, 0, 0, 0),
('D11292C', 'Đầm Nhung Đuôi Cá', 'cd4ec4de-cb87-4aed-8ad5-665f6083b3ba', '\"Chất liệu: vải tổng hợp cao cấp', 1499000, 0, 'Đen', '2021-01-02', '0000-00-00', '0000-00-00', '4b998999-afd6-4625-9380-80607a942368', 1, 29, 0, 0, 0),
('D11469', 'Đầm Tiệc Cao Cấp', 'cd4ec4de-cb87-4aed-8ad5-665f6083b3ba', 'Sở hữu ngay Set đồ xinh đẹp này cho những ngày Back Office rạng rỡ chị em nhé!\"', 1499000, 0, 'Be', '2021-01-18', '0000-00-00', '0000-00-00', '5723de72-32ec-4ef3-80ef-dd69b8a5cff0', 1, 88, 0, 0, 0),
('D11552', 'Đầm Thiết Kế Tay Bồng', 'cd4ec4de-cb87-4aed-8ad5-665f6083b3ba', 'Kiểu dáng: đầm tthiết kế dáng chữ A dài qua gối, vai xếp nếp cách điệu, tone màu vàng nhạt', 1559000, 0, 'Trắng', '2022-05-01', '0000-00-00', '0000-00-00', '4b998999-afd6-4625-9380-80607a942368', 1, 37, 0, 0, 0),
('D11609', 'Đầm Dạ Không Tay', 'cd4ec4de-cb87-4aed-8ad5-665f6083b3ba', 'Kiểu dáng: đầm tiệc thiết kế 2 dây, dáng chữ A dài qua gối, tone màu trắng trơn, kết hợp hoa 3D bản to', 1159000, 0, 'Trắng', '2022-11-15', '0000-00-00', '0000-00-00', '4b998999-afd6-4625-9380-80607a942368', 1, 98, 0, 0, 0),
('D11622', 'Đầm Nhung Thiết Kế', 'cd4ec4de-cb87-4aed-8ad5-665f6083b3ba', 'Các đường kẻ ô nhỏ mang lại vẻ tinh tế và một chút cổ điển kết hợp cùng thiết kế áo croptop khiến tổng thể trang phục trở nên hấp dẫn mọi ánh nhìn.', 1559000, 0, 'Đen', '2021-07-13', '0000-00-00', '0000-00-00', '5723de72-32ec-4ef3-80ef-dd69b8a5cff0', 1, 44, 0, 0, 0),
('D11722', 'Đầm Hồng Tay Bồng', 'cd4ec4de-cb87-4aed-8ad5-665f6083b3ba', 'Một set đồ được phối giữa blazer dáng ngắn và quần short sẽ trở thành điểm nhấn đầy ấn tượng cho nàng trong mùa thu này.', 1299000, 0, 'Hồng', '2022-09-01', '0000-00-00', '0000-00-00', '4b998999-afd6-4625-9380-80607a942368', 1, 1, 0, 0, 0),
('D11922', 'Đầm Thiết Kế', 'cd4ec4de-cb87-4aed-8ad5-665f6083b3ba', 'Phù hợp: đi làm, sự kiện, hay đi dạo phố, tạo vẻ trẻ trung nữ tính cho người mặc.\"', 599000, 0, '\"', '2021-02-16', '0000-00-00', '0000-00-00', '4b998999-afd6-4625-9380-80607a942368', 1, 88, 0, 0, 0),
('D12049', 'Đầm Nhung Xếp Li', 'cd4ec4de-cb87-4aed-8ad5-665f6083b3ba', '', 1299000, 0, 'Đen', '2021-09-27', '0000-00-00', '0000-00-00', '5723de72-32ec-4ef3-80ef-dd69b8a5cff0', 1, 23, 0, 0, 0),
('D12052', 'Đầm Dạ Tweed Phối Tay Tơ', 'cd4ec4de-cb87-4aed-8ad5-665f6083b3ba', 'Set đầm kết hợp cùng blazer croptop bên dưới sẽ là đáp án hoàn hảo cho nàng để tỏa sáng trong những ngày thu lãng mạn.', 1259000, 0, 'Trắng', '2021-11-09', '0000-00-00', NULL, '5723de72-32ec-4ef3-80ef-dd69b8a5cff0', 1, 1, 0, 0, 0),
('D12092', 'Đầm Dạ Suông', 'cd4ec4de-cb87-4aed-8ad5-665f6083b3ba', '', 759000, 0, 'Đen', '2021-02-03', '0000-00-00', NULL, '5723de72-32ec-4ef3-80ef-dd69b8a5cff0', 1, 84, 0, 0, 0),
('D12199', 'Đầm Thiết Kế', 'cd4ec4de-cb87-4aed-8ad5-665f6083b3ba', 'Phù hợp: đi làm, sự kiện, hay đi dạo phố, tạo vẻ trẻ trung nữ tính cho người mặc.\"', 1259000, 0, 'Đen', '2021-11-12', '0000-00-00', NULL, '4b998999-afd6-4625-9380-80607a942368', 1, 32, 0, 0, 0),
('D12492', 'Đầm Nhung Tay Bồng', 'cd4ec4de-cb87-4aed-8ad5-665f6083b3ba', '\"Chất liệu: vải gấm kim tuyến', 599000, 0, 'Đỏ', '2022-06-04', '0000-00-00', NULL, '4b998999-afd6-4625-9380-80607a942368', 1, 80, 0, 0, 0),
('D12682', 'Đầm Họa Tiết', 'cd4ec4de-cb87-4aed-8ad5-665f6083b3ba', 'Kiểu dáng: đầm tiệc dáng chữ A dài qua gối tone màu xanh lá, thiết kế rớt vai cách điệu', 2381000, 0, 'Trắng', '2021-08-11', '0000-00-00', NULL, '4b998999-afd6-4625-9380-80607a942368', 1, 58, 0, 0, 0),
('D1399', 'Đầm Tay Dài', 'cd4ec4de-cb87-4aed-8ad5-665f6083b3ba', 'Họa tiết hoa màu vàng gold sang trọng, cùng kiểu với áo. Kết hợp cùng áo  mã C13118C thành một bộ hoàn chỉnh.', 1459000, 0, 'Đen', '2021-11-24', '0000-00-00', NULL, '4b998999-afd6-4625-9380-80607a942368', 1, 63, 0, 0, 0),
('D20522', 'Đầm Họa Tiết Da Beo', 'cd4ec4de-cb87-4aed-8ad5-665f6083b3ba', '\"Chất liệu: vải tafta cao cấp', 1796000, 0, 'Da', '2022-04-11', '0000-00-00', NULL, '4b998999-afd6-4625-9380-80607a942368', 1, 86, 0, 0, 0),
('D21172', 'Đầm Liền Cổ Nơ', 'cd4ec4de-cb87-4aed-8ad5-665f6083b3ba', 'Phù hợp: đi làm, sự kiện, hay đi dạo phố, tạo vẻ trẻ trung nữ tính cho người mặc.\"', 759000, 0, 'Nâu Tanin', '2022-01-09', '0000-00-00', NULL, '4b998999-afd6-4625-9380-80607a942368', 1, 39, 0, 0, 0),
('D23212', 'Đầm Thiết Kế', 'cd4ec4de-cb87-4aed-8ad5-665f6083b3ba', 'Tự thưởng cho mình set đồ tuyệt vời này để chào mùa thu xinh tươi ngay thôi!\"', 1159000, 0, 'Thổ Hoàng', '2021-03-09', '0000-00-00', NULL, '4b998999-afd6-4625-9380-80607a942368', 1, 62, 0, 0, 0),
('D23852', 'Đầm Thiết Kế Phối Bèo', 'cd4ec4de-cb87-4aed-8ad5-665f6083b3ba', 'Phù hợp: đi làm, sự kiện, hay đi dạo phố, tạo vẻ trẻ trung nữ tính cho người mặc.\"', 1855000, 0, '\"Xanh Crom', '2021-04-27', '0000-00-00', NULL, '4b998999-afd6-4625-9380-80607a942368', 1, 3, 0, 0, 0),
('D26692', 'Đầm Thiết Kế Phối Kẻ', 'cd4ec4de-cb87-4aed-8ad5-665f6083b3ba', '\"Set đồ xinh đẹp này đang trở thành hot items tại Seven.AM vì thiết kế đặc biệt và vô cùng trendy của mình.', 1754000, 0, 'Đen', '2021-01-24', '0000-00-00', NULL, '4b998999-afd6-4625-9380-80607a942368', 1, 66, 0, 0, 0),
('D27072', 'Đầm Họa Tiết', 'cd4ec4de-cb87-4aed-8ad5-665f6083b3ba', 'Phù hợp: đi làm, sự kiện, hay đi dạo phố, tạo vẻ trẻ trung nữ tính cho người mặc.\"', 1811000, 0, 'Cam', '2022-01-12', '0000-00-00', NULL, '4b998999-afd6-4625-9380-80607a942368', 1, 8, 0, 0, 0),
('D29162', 'Đầm Không Tay Cổ Bẻ', 'cd4ec4de-cb87-4aed-8ad5-665f6083b3ba', '', 1259000, 0, 'Xám', '2021-01-25', '0000-00-00', '0000-00-00', '4b998999-afd6-4625-9380-80607a942368', 1, 70, 0, 0, 0),
('D29652', 'Đầm Tiệc Tay Lỡ', 'cd4ec4de-cb87-4aed-8ad5-665f6083b3ba', '', 1399000, 0, 'Đỏ', '2021-07-15', '0000-00-00', '0000-00-00', '4b998999-afd6-4625-9380-80607a942368', 1, 55, 0, 0, 0),
('D30312', 'Đầm Ôm Cổ Sơ Mi', 'cd4ec4de-cb87-4aed-8ad5-665f6083b3ba', 'Kiểu dáng: đầm tiệc dáng ôm dài qua gối, tone màu đỏ ánh nhũ, thiết kế vạt đáp chéo cách điệu, vai đính hoa 3D bản to', 2153000, 0, 'Hổ Phách', '2022-07-06', '0000-00-00', '0000-00-00', '4b998999-afd6-4625-9380-80607a942368', 1, 50, 0, 0, 0),
('D30722', 'Đầm Liền Thiết Kế Phối Kẻ', 'cd4ec4de-cb87-4aed-8ad5-665f6083b3ba', '', 1851000, 0, '\"', '2021-01-14', '0000-00-00', '0000-00-00', '4b998999-afd6-4625-9380-80607a942368', 1, 66, 0, 0, 0),
('D31182', 'Đầm Đen Tay Bồng', 'cd4ec4de-cb87-4aed-8ad5-665f6083b3ba', '', 1493000, 0, 'Đen', '2022-09-25', '0000-00-00', '0000-00-00', '4b998999-afd6-4625-9380-80607a942368', 1, 48, 0, 0, 0),
('D31632', 'Đầm Không Tay', 'cd4ec4de-cb87-4aed-8ad5-665f6083b3ba', 'Dáng blazer ngắn kết hợp quần short trên nền họa tiết kẻ caro mang đến sự trẻ trung và năng động. Bên cạnh đó thiết kế tay áo tinh tế với đường xẻ và mở rộng về phía tay, tạo nên sự nhịp nhàng cho tổng thể trang phục.', 1794000, 0, 'Vàng', '2021-02-15', '0000-00-00', '0000-00-00', '4b998999-afd6-4625-9380-80607a942368', 1, 62, 0, 0, 0),
('D32169A', 'Đầm Tiệc Hồng Phối Sequin', 'cd4ec4de-cb87-4aed-8ad5-665f6083b3ba', '', 1499000, 0, 'Hồng', '2022-09-29', '0000-00-00', '0000-00-00', '4b998999-afd6-4625-9380-80607a942368', 1, 99, 0, 0, 0),
('D32169B', 'Đầm Tiệc Đen Phối Sequin', 'cd4ec4de-cb87-4aed-8ad5-665f6083b3ba', '\"Họa tiết kẻ caro đang hot trở lại vào những ngày giao mùa với sức hút đặc biệt chưa bao giờ thuyên giảm của nó. Bên cạnh sự thanh lịch khi ứng dụng trong thiết kế áo blazer, họa tiết kẻ caro bản to còn vô cùng hiệu quả trong việc mang lại nét trẻ trung và năng động cho các quý cô.', 1493000, 0, 'Đen', '2021-05-06', '0000-00-00', '0000-00-00', '4b998999-afd6-4625-9380-80607a942368', 1, 100, 0, 0, 0),
('D32299', 'Đầm Tiệc Thiết Kế', 'cd4ec4de-cb87-4aed-8ad5-665f6083b3ba', '', 1459000, 0, 'Hồng', '2022-11-15', '0000-00-00', '0000-00-00', '4b998999-afd6-4625-9380-80607a942368', 1, 83, 0, 0, 0),
('D33942', 'Đầm Suông Họa Tiết', 'cd4ec4de-cb87-4aed-8ad5-665f6083b3ba', 'Kiểu dáng: đầm tthiết kế dáng chữ A dài qua gối, chiết eo nhẹ, tone màu cam trơn kết hợp dây xích ', 1199000, 0, 'Hồng Đất, Đen', '2022-05-01', '0000-00-00', '0000-00-00', '4b998999-afd6-4625-9380-80607a942368', 1, 89, 0, 0, 0),
('D34152', 'Đầm Liền Phối Hoa 3D', 'cd4ec4de-cb87-4aed-8ad5-665f6083b3ba', 'Phù hợp: đi làm, sự kiện, hay đi dạo phố, tạo vẻ trẻ trung nữ tính cho người mặc.\"', 1459000, 0, 'Đen', '2021-09-27', '0000-00-00', '0000-00-00', '4b998999-afd6-4625-9380-80607a942368', 1, 76, 0, 0, 0),
('D44832', 'Đầm Thiết Kế', 'cd4ec4de-cb87-4aed-8ad5-665f6083b3ba', '\"Chất liệu: vải tổng hợp cao cấp', 1499000, 0, 'Nâu Sẫm', '2021-03-14', '0000-00-00', '0000-00-00', '4b998999-afd6-4625-9380-80607a942368', 1, 76, 0, 0, 0),
('D60102', 'Đầm Hai Dây Hồng', 'cd4ec4de-cb87-4aed-8ad5-665f6083b3ba', 'Kiểu dáng: đầm thiết kế xếp ly tone màu đen trơn, tay bồng nhẹ', 1299000, 0, 'Hồng', '2022-08-13', '0000-00-00', '0000-00-00', '4b998999-afd6-4625-9380-80607a942368', 1, 45, 0, 0, 0),
('D60232A', 'Đầm Len Không Tay', 'cd4ec4de-cb87-4aed-8ad5-665f6083b3ba', 'Phù hợp: đi làm, sự kiện, hay đi dạo phố, tạo vẻ trẻ trung nữ tính cho người mặc.\"', 1199000, 0, 'Kem', '2022-04-18', '0000-00-00', '0000-00-00', '4b998999-afd6-4625-9380-80607a942368', 1, 44, 0, 0, 0),
('D60232B', 'Đầm Len Không Tay', 'cd4ec4de-cb87-4aed-8ad5-665f6083b3ba', 'Kiểu dáng: đầm tiệc thiết kế dáng chữ A dài qua gối, kết hợp họa tiết hoa nhí, eo đính nổi hoa 3D đỏ nhung nổi bật', 859000, 0, 'Đen', '2021-06-22', '0000-00-00', '0000-00-00', '4b998999-afd6-4625-9380-80607a942368', 1, 86, 0, 0, 0),
('D60292', 'Đầm Len Không Tay', 'cd4ec4de-cb87-4aed-8ad5-665f6083b3ba', '\"Chất liệu: vải nhung cao cấp', 759000, 0, 'Đen, Trắng', '2021-10-22', '0000-00-00', '0000-00-00', '4b998999-afd6-4625-9380-80607a942368', 1, 67, 0, 0, 0),
('D60362A', 'Đầm Len Thiết Kế', 'cd4ec4de-cb87-4aed-8ad5-665f6083b3ba', '\"Chất liệu: vải dạ tweed cao cấp', 1459000, 0, 'Hồng', '2022-03-01', '0000-00-00', '0000-00-00', '4b998999-afd6-4625-9380-80607a942368', 1, 82, 0, 0, 0),
('D60362B', 'Đầm Len Thiết Kế', 'cd4ec4de-cb87-4aed-8ad5-665f6083b3ba', '\"Chất liệu: vải gấm cao cấp', 1259000, 0, 'Đen', '2022-06-14', '0000-00-00', '0000-00-00', '4b998999-afd6-4625-9380-80607a942368', 1, 65, 0, 0, 0),
('D62052A', 'Đầm Len Đen', 'cd4ec4de-cb87-4aed-8ad5-665f6083b3ba', 'Kiểu dáng: đầm tthiết kế dáng suông dài qua gối, cổ tròn, kết hợp tay tơ bồng nhẹ', 859000, 0, 'Đen', '2021-11-23', '0000-00-00', '0000-00-00', '4b998999-afd6-4625-9380-80607a942368', 1, 16, 0, 0, 0),
('D62052B', 'Đầm Len Nâu', 'cd4ec4de-cb87-4aed-8ad5-665f6083b3ba', 'Phù hợp: đi làm, sự kiện, hay đi dạo phố, tạo vẻ trẻ trung nữ tính cho người mặc.\"', 799000, 0, 'Nâu', '2021-08-25', '0000-00-00', '0000-00-00', '4b998999-afd6-4625-9380-80607a942368', 1, 48, 0, 0, 0),
('D64102', 'Đầm Suông Len Họa Tiết', 'cd4ec4de-cb87-4aed-8ad5-665f6083b3ba', 'Làm sao để sở hữu một outfit tổng hòa giữa sang trọng và ngọt ngào?', 1099000, 0, 'Hồng y, Trắng', '2022-10-17', '0000-00-00', '0000-00-00', '5723de72-32ec-4ef3-80ef-dd69b8a5cff0', 1, 90, 0, 0, 0),
('D80062', 'Đầm Cam Phối Xích', 'cd4ec4de-cb87-4aed-8ad5-665f6083b3ba', '', 1099000, 0, 'Cam', '2021-06-28', '0000-00-00', '0000-00-00', '5723de72-32ec-4ef3-80ef-dd69b8a5cff0', 1, 18, 0, 0, 0),
('D80412', 'Đầm Suông Đính Cườm', 'cd4ec4de-cb87-4aed-8ad5-665f6083b3ba', 'Một ngày của nàng sẽ trở nên tuyệt vời biết mấy khi khoác lên mình outfit đậm chất cổ điển này!', 899000, 0, 'Đen', '2022-07-01', '0000-00-00', '0000-00-00', '5723de72-32ec-4ef3-80ef-dd69b8a5cff0', 1, 73, 0, 0, 0),
('E351001', 'Áo Khoác Seven.AM Chất Liệu Dạ Kiểu Dáng Tay Lỡ Họa Tiết Caro', '264618c0-6ba0-4b53-a962-50db3e8ae46e', '', 1099000, 0, 'Xám', '2022-06-26', '0000-00-00', '0000-00-00', '75d3d892-092f-40f0-a5d2-0e363e467bc7', 1, 43, 0, 0, 0),
('E730001', 'Chân Váy Dáng Xòe Seven.AM Chất Liệu Dạ Họa Tiết Caro', '7ce71073-fa74-46a7-a531-23288f79222e', '', 699000, 0, 'Xám', '2021-03-01', '0000-00-00', '0000-00-00', 'b64902cb-b695-468d-8d53-06001076c4b1', 1, 57, 0, 0, 0),
('H101026C', 'Áo Sơ Mi Chui Tay Dài Sifong Đỏ Cổ Tàu Nơ Sau Cổ', '494a1e4a-fe18-4c72-ab1e-ceff83cdd1dc', '\"Sơ mi tay dài Lụa đen lá họa tiết vàng cổ đức', 999000, 0, 'Đỏ', '2022-07-24', '0000-00-00', '0000-00-00', '75d3d892-092f-40f0-a5d2-0e363e467bc7', 1, 16, 0, 0, 0),
('H101027C', 'Áo Sơ Mi Chui Tay Dài Sifong Nền Hồng Hoa Hồng', '494a1e4a-fe18-4c72-ab1e-ceff83cdd1dc', '', 1249500, 0, 'Be', '2022-11-13', '0000-00-00', '0000-00-00', '75d3d892-092f-40f0-a5d2-0e363e467bc7', 1, 83, 0, 0, 0),
('H111013C', 'Áo Sơ Mi Chui Tay Lỡ Thô Tím Hồng Cổ Tàu Nơ Cổ', '494a1e4a-fe18-4c72-ab1e-ceff83cdd1dc', '', 1499000, 0, 'Đỏ', '2022-07-05', '0000-00-00', '0000-00-00', '75d3d892-092f-40f0-a5d2-0e363e467bc7', 1, 58, 0, 0, 0),
('H301016C', 'Áo Vest Tay Dài Dạ Hồng Túi Ốp Tua Rua Trang Trí', '494a1e4a-fe18-4c72-ab1e-ceff83cdd1dc', 'Áo sơ mi sang trọng thanh lịch, phù hợp mix với chân váy, quần sáng màu\"', 849000, 0, 'Đỏ', '2022-10-17', '0000-00-00', '0000-00-00', '75d3d892-092f-40f0-a5d2-0e363e467bc7', 1, 70, 0, 0, 0),
('H301016CA', 'Chân Váy Juyp A Dạ Hồng Phối Cạp Và Gấu', '494a1e4a-fe18-4c72-ab1e-ceff83cdd1dc', 'Họa tiết kẻ ô nhỏ mang đến tổng thể gam màu ghi nhẹ nhàng, trầm ấm. Thiết kế áo dáng peplum với phần eo được đẩy cao kèm theo thắt lưng duyên dáng kết hợp một chiếc chân váy dáng dài với độ rộng vừa phải, đủ tạo nên độ bồng bềnh, tha thướt mà vẫn giữ được nét sang trọng, thanh lịch.', 997000, 0, 'Đỏ', '2022-09-29', '0000-00-00', '0000-00-00', 'b64902cb-b695-468d-8d53-06001076c4b1', 1, 4, 0, 0, 0),
('H331013C', 'Chân Váy Juyp Ôm Dạ Hồng Xẻ Sau', '494a1e4a-fe18-4c72-ab1e-ceff83cdd1dc', '', 899000, 0, 'Đỏ', '2021-07-20', '0000-00-00', '0000-00-00', 'b64902cb-b695-468d-8d53-06001076c4b1', 1, 74, 0, 0, 0),
('J00142', 'JUMPSUIT Thiết Kế', 'cd4ec4de-cb87-4aed-8ad5-665f6083b3ba', '\"Chất liệu: vải tổng hợp cao cấp', 1199000, 0, 'Đỏ', '2022-06-18', '0000-00-00', '0000-00-00', 'b64902cb-b695-468d-8d53-06001076c4b1', 1, 83, 0, 0, 0),
('J00652', 'JUMPSUIT Dáng Lửng', 'cd4ec4de-cb87-4aed-8ad5-665f6083b3ba', '\"Chất liệu: vải nhung tăm cao cấp', 1399000, 0, 'Đen, Vàng', '2022-11-02', '0000-00-00', '0000-00-00', 'b64902cb-b695-468d-8d53-06001076c4b1', 1, 3, 0, 0, 0),
('J01192', 'JUMPSUIT Dáng Dài Họa Tiết', 'cd4ec4de-cb87-4aed-8ad5-665f6083b3ba', 'Phù hợp: đi làm, sự kiện, hay đi dạo phố, tạo vẻ trẻ trung nữ tính cho người mặc.\"', 899000, 0, 'Đen', '2021-11-12', '0000-00-00', '0000-00-00', 'b64902cb-b695-468d-8d53-06001076c4b1', 1, 58, 0, 0, 0),
('J01752', 'JUMPSUIT Dáng Dài', 'cd4ec4de-cb87-4aed-8ad5-665f6083b3ba', '\"Chất liệu: vải tổng hợp cao cấp', 999000, 0, 'Đen', '2022-02-19', '0000-00-00', '0000-00-00', 'b64902cb-b695-468d-8d53-06001076c4b1', 1, 7, 0, 0, 0),
('J02162', 'JUMPSUIT Hoa Dáng Ngắn', 'cd4ec4de-cb87-4aed-8ad5-665f6083b3ba', '\"Chất liệu: vải nhung cao cấp', 999000, 0, 'Chàm, Đỏ', '2021-09-10', '0000-00-00', '0000-00-00', 'b64902cb-b695-468d-8d53-06001076c4b1', 1, 69, 0, 0, 0),
('J02242', 'JUMPSUIT Dáng Dài', 'cd4ec4de-cb87-4aed-8ad5-665f6083b3ba', 'Kiểu dáng: đầm thiết kế dài qua gối, tone màu nâu kết hợp họa tiết da beo, cổ trụ phối khóa kéo', 1099000, 0, 'Nâu Đen, Trắng', '2022-09-14', '0000-00-00', '0000-00-00', 'b64902cb-b695-468d-8d53-06001076c4b1', 1, 52, 0, 0, 0),
('J03112', 'JUMPSUIT Dáng Dài', 'cd4ec4de-cb87-4aed-8ad5-665f6083b3ba', 'Phù hợp: đi làm, sự kiện, hay đi dạo phố, tạo vẻ trẻ trung nữ tính cho người mặc.\"', 999000, 0, '\"', '2022-11-05', '0000-00-00', '0000-00-00', 'b64902cb-b695-468d-8d53-06001076c4b1', 1, 54, 0, 0, 0),
('J03332', 'JUMPSUIT Dáng Dài Phối Hoa', 'cd4ec4de-cb87-4aed-8ad5-665f6083b3ba', 'Phù hợp: đi làm, sự kiện, hay đi dạo phố, tạo vẻ trẻ trung nữ tính cho người mặc.\"', 1294000, 0, 'Đen', '2021-03-15', '0000-00-00', '0000-00-00', 'b64902cb-b695-468d-8d53-06001076c4b1', 1, 15, 0, 0, 0),
('J03832', 'JUMPSUIT Hoa Nhí', 'cd4ec4de-cb87-4aed-8ad5-665f6083b3ba', 'Phù hợp: đi làm, sự kiện, hay đi dạo phố, tạo vẻ trẻ trung nữ tính cho người mặc.\"', 1454000, 0, 'Men Ngọc', '2022-04-13', '0000-00-00', '0000-00-00', 'b64902cb-b695-468d-8d53-06001076c4b1', 1, 65, 0, 0, 0),
('J04232', 'JUMPSUIT Dáng Dài', 'cd4ec4de-cb87-4aed-8ad5-665f6083b3ba', '\"Chất liệu: vải nhung cao cấp', 1159000, 0, 'Đen', '2022-11-18', '0000-00-00', '0000-00-00', 'b64902cb-b695-468d-8d53-06001076c4b1', 1, 60, 0, 0, 0),
('J04242', 'JUMPSUIT Hoa Dáng Dài', 'cd4ec4de-cb87-4aed-8ad5-665f6083b3ba', 'Kiểu dáng: đầm thiết kế dáng chữ A dài qua gối, tone màu nâu kết hợp họa tiết hoa in sắc nét', 1451000, 0, 'Cam', '2022-04-01', '0000-00-00', '0000-00-00', 'b64902cb-b695-468d-8d53-06001076c4b1', 1, 35, 0, 0, 0),
('J04272', 'JUMPSUIT Chấm Bi', 'cd4ec4de-cb87-4aed-8ad5-665f6083b3ba', 'Kiểu dáng: đầm thiết kế dáng chữ A dài qua gối, tay bồng, kết hợp họa tiết kẻ ô', 839000, 0, 'Vàng', '2021-02-26', '0000-00-00', '0000-00-00', 'b64902cb-b695-468d-8d53-06001076c4b1', 1, 53, 0, 0, 0),
('J04322', 'JUMPSUIT Ống Rộng', 'cd4ec4de-cb87-4aed-8ad5-665f6083b3ba', 'Phù hợp: đi làm, sự kiện, hay đi dạo phố, tạo vẻ trẻ trung nữ tính cho người mặc.\"', 1099000, 0, 'Đen, Trắng', '2022-09-14', '0000-00-00', '0000-00-00', 'b64902cb-b695-468d-8d53-06001076c4b1', 1, 58, 0, 0, 0),
('J05242', 'JUMPSUIT Hoa Dáng Dài', 'cd4ec4de-cb87-4aed-8ad5-665f6083b3ba', 'Phù hợp: đi làm, sự kiện, hay đi dạo phố, tạo vẻ trẻ trung nữ tính cho người mặc.\"', 999000, 0, 'Trắng, Xanh Da Trời', '2021-10-25', '0000-00-00', '0000-00-00', 'b64902cb-b695-468d-8d53-06001076c4b1', 1, 98, 0, 0, 0),
('J06452', 'JUMPSUIT Hoa Nhí', 'cd4ec4de-cb87-4aed-8ad5-665f6083b3ba', 'Kiểu dáng: đầm liền thiết kế dáng ôm, tone màu nâu trơn, cổ phối nơ bản to', 859000, 0, 'Đen, Đỏ', '2021-01-14', '0000-00-00', '0000-00-00', 'b64902cb-b695-468d-8d53-06001076c4b1', 1, 55, 0, 0, 0),
('J06672', 'JUMPSUIT Họa Tiết', 'cd4ec4de-cb87-4aed-8ad5-665f6083b3ba', '\"Chất liệu: vải len cao cấp', 899000, 0, 'Trắng', '2022-10-05', '0000-00-00', '0000-00-00', 'b64902cb-b695-468d-8d53-06001076c4b1', 1, 75, 0, 0, 0),
('J31772', 'JUMPSUIT Thiết Kế', 'cd4ec4de-cb87-4aed-8ad5-665f6083b3ba', 'Kiểu dáng: đầm thiết kế không tay tone màu xám nhạt,kết hợp đường họa tiết tạo điểm nhấn', 1524000, 0, 'Đen', '2022-03-15', '0000-00-00', '0000-00-00', 'b64902cb-b695-468d-8d53-06001076c4b1', 1, 84, 0, 0, 0),
('J32522', 'JUMPSUIT Hoa Dáng Ngắn', 'cd4ec4de-cb87-4aed-8ad5-665f6083b3ba', 'Kiểu dáng: đầm thiết kế dáng chữ A, tone màu đen trơn, tay voan bông nhẹ', 899000, 0, 'Đỏ', '2021-01-24', '0000-00-00', '0000-00-00', 'b64902cb-b695-468d-8d53-06001076c4b1', 1, 92, 0, 0, 0),
('J33282', 'JUMPSUIT Dáng Ngắn', 'cd4ec4de-cb87-4aed-8ad5-665f6083b3ba', 'Phù hợp: đi làm, sự kiện, hay đi dạo phố, tạo vẻ trẻ trung nữ tính cho người mặc.\"', 899000, 0, 'Đen', '2021-07-09', '0000-00-00', '0000-00-00', 'b64902cb-b695-468d-8d53-06001076c4b1', 1, 32, 0, 0, 0),
('J33552', 'JUMPSUIT Dáng Lửng', 'cd4ec4de-cb87-4aed-8ad5-665f6083b3ba', 'Kiểu dáng: đầm thiết kế dáng chữ A, tone màu vàng trơn, kết hợp chun eo', 1196000, 0, 'Nâu', '2022-01-13', '0000-00-00', '0000-00-00', 'b64902cb-b695-468d-8d53-06001076c4b1', 1, 11, 0, 0, 0),
('J34192', 'JUMPSUIT Dáng Dài', 'cd4ec4de-cb87-4aed-8ad5-665f6083b3ba', 'Kiểu dáng: đầm thiết kế dáng chữ A dài qua gối, tone màu đen trơn đính đá, cổ vuông', 1199000, 0, 'Đen', '2021-07-03', '0000-00-00', '0000-00-00', 'b64902cb-b695-468d-8d53-06001076c4b1', 1, 34, 0, 0, 0),
('J34342', 'JUMPSUIT Hoa Dáng Ngắn', 'cd4ec4de-cb87-4aed-8ad5-665f6083b3ba', '\"Chất liệu: vải tổng hợp cao cấp', 1456000, 0, 'Trắng, Cam', '2022-11-26', '0000-00-00', '0000-00-00', 'b64902cb-b695-468d-8d53-06001076c4b1', 1, 54, 0, 0, 0),
('SM08532', 'Áo Sơ Mi Họa Tiết', 'cd4ec4de-cb87-4aed-8ad5-665f6083b3ba', '\"Chất liệu: vải tổng hợp cao cấp', 359000, 0, 'Trắng', '2022-10-27', '0000-00-00', '0000-00-00', '75d3d892-092f-40f0-a5d2-0e363e467bc7', 1, 65, 0, 0, 0),
('SM09822', 'Sơ Mi Thêu Hoa', 'cd4ec4de-cb87-4aed-8ad5-665f6083b3ba', '\"Chất liệu: vải tổng hợp cao cấp', 799000, 0, 'Trắng', '2022-07-13', '0000-00-00', '0000-00-00', '75d3d892-092f-40f0-a5d2-0e363e467bc7', 1, 71, 0, 0, 0),
('SM11282', 'Sơ Mi Trắng Dáng Dài', 'cd4ec4de-cb87-4aed-8ad5-665f6083b3ba', 'Phù hợp: đi làm, sự kiện, hay đi dạo phố, tạo vẻ trẻ trung nữ tính cho người mặc.\"', 599000, 0, 'Nâu Tanin', '2022-08-17', '0000-00-00', '0000-00-00', '75d3d892-092f-40f0-a5d2-0e363e467bc7', 1, 39, 0, 0, 0),
('SM13822', 'Dơ Mi Tay Bồng', 'cd4ec4de-cb87-4aed-8ad5-665f6083b3ba', 'Kiểu dáng: đầm thiết kế không tay dáng suông, tone màu xám trơn kết hợp cổ bẻ ', 799000, 0, 'Hồng', '2022-06-23', '0000-00-00', '0000-00-00', '75d3d892-092f-40f0-a5d2-0e363e467bc7', 1, 57, 0, 0, 0),
('TS08872', 'Áo Hai Dây Cổ Đổ', 'cd4ec4de-cb87-4aed-8ad5-665f6083b3ba', 'Phù hợp: đi làm, sự kiện, hay đi dạo phố, tạo vẻ trẻ trung nữ tính cho người mặc.\"', 699000, 0, 'Đen', '2021-03-15', '0000-00-00', '0000-00-00', '75d3d892-092f-40f0-a5d2-0e363e467bc7', 1, 50, 0, 0, 0),
('TS10042', 'Áo Trắng Có Mũ', 'cd4ec4de-cb87-4aed-8ad5-665f6083b3ba', 'Kiểu dáng: đầm thiết kế dáng suông dài qua gối, chiết eo nhẹ, tone màu đen trơn phối hoa thêu nổi bật', 599000, 0, 'Trắng', '2021-11-17', '0000-00-00', '0000-00-00', '75d3d892-092f-40f0-a5d2-0e363e467bc7', 1, 28, 0, 0, 0),
('TS10132', 'Áo Nhung Bo Gấu', 'cd4ec4de-cb87-4aed-8ad5-665f6083b3ba', 'Kiểu dáng: đầm thiết kế chữ A dài qua gối, tay lỡ bồng nhẹ, tone màu trắng trơn', 599000, 0, 'Nâu', '2022-10-29', '0000-00-00', '0000-00-00', '75d3d892-092f-40f0-a5d2-0e363e467bc7', 1, 87, 0, 0, 0),
('TS10302', 'Áo Thun Tay Bồng', 'cd4ec4de-cb87-4aed-8ad5-665f6083b3ba', 'Phù hợp: đi làm, sự kiện, hay đi dạo phố, tạo vẻ trẻ trung nữ tính cho người mặc.\"', 469000, 0, 'Trắng', '2021-02-19', '0000-00-00', '0000-00-00', '75d3d892-092f-40f0-a5d2-0e363e467bc7', 1, 58, 0, 0, 0),
('TS10642A', 'Áo Cam Phối Bèo', 'cd4ec4de-cb87-4aed-8ad5-665f6083b3ba', '\"Chất liệu: vải tổng hợp cao cấp', 559000, 0, 'Cam', '2022-09-10', '0000-00-00', '0000-00-00', '75d3d892-092f-40f0-a5d2-0e363e467bc7', 1, 51, 0, 0, 0),
('TS10642B', 'Áo Hồng Phối Bèo', 'cd4ec4de-cb87-4aed-8ad5-665f6083b3ba', '\"Chất liệu: vải tổng hợp cao cấp', 659000, 0, 'Hồng', '2021-06-08', '0000-00-00', '0000-00-00', '75d3d892-092f-40f0-a5d2-0e363e467bc7', 1, 21, 0, 0, 0),
('TS10902', 'Áo Nỉ Đen', 'cd4ec4de-cb87-4aed-8ad5-665f6083b3ba', 'Kiểu dáng: đầm liền thiết kế 2 trong 1, dáng chữ A dài qua gối, tone màu nâu.', 399000, 0, 'Đen', '2021-10-02', '0000-00-00', '0000-00-00', '75d3d892-092f-40f0-a5d2-0e363e467bc7', 1, 72, 0, 0, 0),
('TS11859', 'Áo Thun Nâu', 'cd4ec4de-cb87-4aed-8ad5-665f6083b3ba', 'Phù hợp: đi làm, sự kiện, hay đi dạo phố, tạo vẻ trẻ trung nữ tính cho người mặc.\"', 589000, 0, 'Nâu', '2021-03-29', '0000-00-00', '0000-00-00', '75d3d892-092f-40f0-a5d2-0e363e467bc7', 1, 19, 0, 0, 0),
('TS11872', 'Áo Nhũ Dài Tay', 'cd4ec4de-cb87-4aed-8ad5-665f6083b3ba', '\"Chất liệu: vải tổng hợp cao cấp', 2982000, 0, 'Đen', '2021-09-10', '0000-00-00', '0000-00-00', '75d3d892-092f-40f0-a5d2-0e363e467bc7', 1, 92, 0, 0, 0),
('V101019C', 'Áo Sơ Mi Chất Liệu Chiffon Kiểu Dáng Tay Bồng Dài Màu Trắng Có Dây Nơ Cổ', 'b2b121d2-4670-4bd3-89b4-45c953e4f2df', '', 1497000, 0, 'Trắng', '2021-05-11', '0000-00-00', '0000-00-00', '75d3d892-092f-40f0-a5d2-0e363e467bc7', 1, 97, 0, 0, 0);
INSERT INTO `products` (`MASP`, `TENSP`, `IDBoSuuTap`, `MOTA`, `DONGIA`, `SALE`, `MAU`, `NGAYNHAP`, `NGAYBATDAUSALE`, `NGAYKETTHUCSALE`, `LOAISP`, `TRANGTHAI`, `S`, `L`, `M`, `XL`) VALUES
('V301005D', 'Áo Vest Chất Liệu Da Thiết Kế Dài Tay Họa Tiết Xám Kẻ Đen Hồng', '660b255b-4051-43ee-aae7-f6f8393cecf8', '', 1999000, 0, 'Xám, Đen', '2021-06-23', '0000-00-00', '0000-00-00', '75d3d892-092f-40f0-a5d2-0e363e467bc7', 1, 40, 0, 0, 0),
('V301006C', 'Quần Âu Dài Seven.AM Màu Đen Họa Tiết Kẻ Trắng', 'b2b121d2-4670-4bd3-89b4-45c953e4f2df', 'Tự thưởng cho mình set đồ tuyệt vời này để chào mùa thu xinh tươi ngay thôi!\"', 949000, 0, 'Đen', '2021-04-05', '0000-00-00', '0000-00-00', '4b998999-afd6-4625-9380-80607a942368', 1, 33, 0, 0, 0),
('V301007D', 'Áo Vest Tay Dài Thô Vàng Nâu Cổ Sam Mix', 'fa8bdade-d801-4031-9bbc-ec3f8217cfd2', 'Đầm maxi tay rộng, thiết kế dây tết nữ tính, quyến rũ. Kiểu dáng đầm bay bổng phù hợp chị em diện trong các bữa tiệc, cuộc dạo chơi.', 1499000, 0, 'Nâu Tanin', '2022-10-16', '0000-00-00', '0000-00-00', '75d3d892-092f-40f0-a5d2-0e363e467bc7', 1, 73, 0, 0, 0),
('V301010', 'Áo Khoác Blazer Kiểu Dáng Tay Dài Chất Thô Màu Đỏ Gạch Thiết Kế Phối Nẹp Ve Cổ', 'af6ad37b-d482-42dc-9f96-33c4275aec1d', '', 1299000, 0, 'Đỏ', '2022-07-28', '0000-00-00', '0000-00-00', '75d3d892-092f-40f0-a5d2-0e363e467bc7', 1, 85, 0, 0, 0),
('V301010D', 'Quần Âu Dài Seven.AM Chất Thô Màu Đỏ Gạch', 'af6ad37b-d482-42dc-9f96-33c4275aec1d', '', 949000, 0, 'Đỏ', '2022-04-06', '0000-00-00', '0000-00-00', '4b998999-afd6-4625-9380-80607a942368', 1, 18, 0, 0, 0),
('V301011C', 'Quần Suông Dài Thô Vàng Nâu Mix', 'fa8bdade-d801-4031-9bbc-ec3f8217cfd2', 'Một set đồ được phối giữa blazer dáng ngắn và quần short sẽ trở thành điểm nhấn đầy ấn tượng cho nàng trong mùa thu này.', 949000, 0, 'Nâu', '2021-01-29', '0000-00-00', '0000-00-00', '4b998999-afd6-4625-9380-80607a942368', 1, 61, 0, 0, 0),
('V331006', 'Áo Khoác Kiểu Dáng Lửng Tay Chất Liệu Dạ Màu Be Họa Tiết Chấm Bi Có Khóa Nẹp', 'af6ad37b-d482-42dc-9f96-33c4275aec1d', '', 1599000, 0, 'Nâu Tanin', '2021-08-27', '0000-00-00', '0000-00-00', '75d3d892-092f-40f0-a5d2-0e363e467bc7', 1, 11, 0, 0, 0),
('V331006H', 'Đầm Dáng A Kiểu Dáng Sát Nách Chất Dạ Màu Be Họa Tiết Chấm Bi', 'af6ad37b-d482-42dc-9f96-33c4275aec1d', '', 1699000, 0, 'Nâu Tanin', '2022-10-15', '0000-00-00', '0000-00-00', '5723de72-32ec-4ef3-80ef-dd69b8a5cff0', 1, 63, 0, 0, 0),
('V331007C', 'Áo Khoác Chất Liệu Dạ Thiết Kế Dài Tay Cổ Đức Màu Trắng Đen', '660b255b-4051-43ee-aae7-f6f8393cecf8', '', 1699000, 0, 'Xám, Đen', '2021-10-18', '0000-00-00', '0000-00-00', '75d3d892-092f-40f0-a5d2-0e363e467bc7', 1, 16, 0, 0, 0),
('V331011C', 'Áo Khoác Chất Liệu Dạ Thiết Kế Dáng Lửng Dài Tay Họa Tiết Kẻ Xanh Đen', 'b2b121d2-4670-4bd3-89b4-45c953e4f2df', '', 1398500, 0, 'Đen', '2021-04-11', '0000-00-00', '0000-00-00', '75d3d892-092f-40f0-a5d2-0e363e467bc7', 1, 77, 0, 0, 0),
('V331017C', 'Áo Khoác Lửng Tay Dài Dạ Đỏ Sợi Trắng Cổ Tròn', 'fa8bdade-d801-4031-9bbc-ec3f8217cfd2', '', 1299000, 0, 'Đỏ', '2021-04-20', '0000-00-00', '0000-00-00', '75d3d892-092f-40f0-a5d2-0e363e467bc7', 1, 94, 0, 0, 0),
('V351014', 'Áo Vest Cổ 2 Ve 2 Túi Ốp, Thô Nâu Mix', '2da01275-323d-42c2-a054-e1806157e15b', 'Đầm dáng xòe trễ vai họa tiết hoa chìm sang trọng trên nền vài gấm phối đăng ten sang trọng và quyến rũ.', 1697000, 0, 'Da', '2022-09-18', '0000-00-00', '0000-00-00', '75d3d892-092f-40f0-a5d2-0e363e467bc7', 1, 96, 0, 0, 0),
('V352002', 'Áo Khoác Tay Dài Chất Liệu Dạ Xanh Kẻ Trắng Vàng', '660b255b-4051-43ee-aae7-f6f8393cecf8', '', 999000, 0, 'Đen', '2022-04-02', '0000-00-00', '0000-00-00', '75d3d892-092f-40f0-a5d2-0e363e467bc7', 1, 59, 0, 0, 0),
('V401007C', 'Áo Khác Manto Dáng Dài Kiểu Dáng Tay Dài Chất Liệu Dạ Họa Tiết Kẻ Xanh Đen', 'b2b121d2-4670-4bd3-89b4-45c953e4f2df', '', 797000, 0, 'Xanh Thủy Tinh', '2021-02-24', '0000-00-00', '0000-00-00', '75d3d892-092f-40f0-a5d2-0e363e467bc7', 1, 42, 0, 0, 0),
('V401008C', 'Áo Khoác Manto Dài Tay Có Đai Chất Liệu Dạ Màu Nâu Cổ 2 Ve', '660b255b-4051-43ee-aae7-f6f8393cecf8', '', 1299000, 0, 'Be, Cam', '2021-04-11', '0000-00-00', '0000-00-00', '75d3d892-092f-40f0-a5d2-0e363e467bc7', 1, 72, 0, 0, 0),
('V601005C', 'Đầm Dáng Thiết Kế Tay Lỡ Màu Xanh Có Đai Dời', 'b2b121d2-4670-4bd3-89b4-45c953e4f2df', '', 1597000, 0, '\"', '2022-08-22', '0000-00-00', '0000-00-00', '5723de72-32ec-4ef3-80ef-dd69b8a5cff0', 1, 45, 0, 0, 0),
('V601008C', 'Đầm Dáng A  Kiểu Dáng Tay Dài Chất Liệu Dạ Họa Tiết Kẻ Vàng Đen Túi Ốp', '660b255b-4051-43ee-aae7-f6f8393cecf8', '', 1599000, 0, 'Kaki, Xám', '2022-02-01', '0000-00-00', '0000-00-00', '5723de72-32ec-4ef3-80ef-dd69b8a5cff0', 1, 2, 0, 0, 0),
('V601009D', 'Đầm Dáng Ôm Kiểu Dáng Tay Dài Chất Liệu Ren Họa Tiết Xanh Cổ Tròn Có Đai Dời', '660b255b-4051-43ee-aae7-f6f8393cecf8', 'Kiểu dáng: Đầm cổ tròn , khoét lệ hình cánh hoa ở cổ , đầu tay bồng nhẹ , cửa tay măngsec bản to , tùng thiên rủ nhẹ tạo hình ảnh nữ tính , thanh lịch \"', 1599000, 0, 'Xanh Cô Ban', '2021-06-03', '0000-00-00', '0000-00-00', '5723de72-32ec-4ef3-80ef-dd69b8a5cff0', 1, 1, 0, 0, 0),
('V601016D', 'Đầm A Tay Dài Thô Caro Đỏ Trắng Cổ Đính Đá', '2da01275-323d-42c2-a054-e1806157e15b', '', 1599000, 0, 'Đỏ, Trắng', '2022-08-07', '0000-00-00', '0000-00-00', '5723de72-32ec-4ef3-80ef-dd69b8a5cff0', 1, 57, 0, 0, 0),
('V604004', 'Đầm Xốp Màu Vàng Thiết Kế Dáng Ôm', 'e8301319-d1f0-4b00-9a1d-0ae5ba50deac', '\"Đầm cổ tròn , khoét lệ hình cánh hoa ở cổ , tay bồng nhẹ.', 1699000, 0, 'Hổ Phách', '2021-09-08', '0000-00-00', '0000-00-00', '5723de72-32ec-4ef3-80ef-dd69b8a5cff0', 1, 91, 0, 0, 0),
('V611007C', 'Đầm Dáng Ôm Kiểu Dáng Dài Tay Họa Màu Trắng Cổ Tròn', 'b2b121d2-4670-4bd3-89b4-45c953e4f2df', '', 1597000, 0, 'Trắng', '2022-05-06', '0000-00-00', '0000-00-00', '5723de72-32ec-4ef3-80ef-dd69b8a5cff0', 1, 66, 0, 0, 0),
('V611008H', 'Đầm Đuôi Cá  Kiểu Dáng Tay Lỡ Umi Màu Đỏ', '660b255b-4051-43ee-aae7-f6f8393cecf8', '', 1499000, 0, 'Đỏ', '2022-05-21', '0000-00-00', '0000-00-00', '5723de72-32ec-4ef3-80ef-dd69b8a5cff0', 1, 59, 0, 0, 0),
('V611010D', 'Đầm Dáng Ôm  Kiểu Dáng Tay Dài Họa Tiết Kem Hồng Đính Kèm Khăn Choàng', '660b255b-4051-43ee-aae7-f6f8393cecf8', '\"Đầm xốp vàng dáng ôm thêu cành hoa lá trang trí eo', 1599000, 0, 'Hồng', '2022-07-23', '0000-00-00', '0000-00-00', '5723de72-32ec-4ef3-80ef-dd69b8a5cff0', 1, 30, 0, 0, 0),
('V611014C', 'Đầm Dáng Ôm Thiết Kế Tay Bồng Chất Liệu Len Màu Trắng Kẻ Đen Có Đai Dời', 'b2b121d2-4670-4bd3-89b4-45c953e4f2df', '', 1697000, 0, 'Đen, Trắng', '2021-01-22', '0000-00-00', '0000-00-00', '5723de72-32ec-4ef3-80ef-dd69b8a5cff0', 1, 92, 0, 0, 0),
('V611016C', 'Đầm Ôm Tay Phối Lỡ Có Nơthun Đen Kim Tuyến', 'fa8bdade-d801-4031-9bbc-ec3f8217cfd2', '', 1599000, 0, 'Đen, Trắng', '2021-06-02', '0000-00-00', '0000-00-00', '5723de72-32ec-4ef3-80ef-dd69b8a5cff0', 1, 3, 0, 0, 0),
('V611017H', 'Đầm Ôm Tay Dài Trắng Thô Xốp Cổ Xẻ Giọt Lệ', 'fa8bdade-d801-4031-9bbc-ec3f8217cfd2', '', 1499000, 0, 'Trắng', '2022-04-03', '0000-00-00', '0000-00-00', '5723de72-32ec-4ef3-80ef-dd69b8a5cff0', 1, 50, 0, 0, 0),
('V611020C', 'Tay Lỡ Nhung Đen Cổ Tròn Đính Hạt Trai', '2da01275-323d-42c2-a054-e1806157e15b', '', 1799000, 0, 'Đen', '2022-05-12', '0000-00-00', '0000-00-00', '5723de72-32ec-4ef3-80ef-dd69b8a5cff0', 1, 7, 0, 0, 0),
('V611021D', 'Đầm Ôm Tay Ren Dài Thô Đỏ Cổ Ngang Thêu Đá', '2da01275-323d-42c2-a054-e1806157e15b', '', 1499000, 0, 'Đỏ', '2021-08-10', '0000-00-00', '0000-00-00', '5723de72-32ec-4ef3-80ef-dd69b8a5cff0', 1, 82, 0, 0, 0),
('V612017C', 'Đầm Dáng Ôm Kiểu Dáng Tay Bồng Chất Liệu Len Màu Tím Cổ Tròn', 'b2b121d2-4670-4bd3-89b4-45c953e4f2df', '', 1697000, 0, 'Tím', '2021-09-25', '0000-00-00', '0000-00-00', '5723de72-32ec-4ef3-80ef-dd69b8a5cff0', 1, 89, 0, 0, 0),
('V612018C', 'Đầm Ôm Tay Lỡ Thun Đen Kim Tuyến Xếp Ly Ngực', '660b255b-4051-43ee-aae7-f6f8393cecf8', 'Kiểu dáng: Đầm dáng suông nhưng thân trên ôm tôn dáng, không lộ bụng. Eo váy được thêu 3D cành hoa kết hợp kim sa rất tinh tế, sang trọng. Tay đầm dài trên khuỷu giúp che bắp tay\"', 1699000, 0, 'Đen', '2021-01-25', '0000-00-00', '0000-00-00', '5723de72-32ec-4ef3-80ef-dd69b8a5cff0', 1, 9, 0, 0, 0),
('V614004', 'Đầm Dáng Ôm Kiểu Dáng Tay Dài Màu Đen Thiết Kế Thêu Gấu Cổ Tròn', 'e8301319-d1f0-4b00-9a1d-0ae5ba50deac', ' Kiểu dáng: Đầm ôm sát , tôn dáng . Dải lá thêu tung bay nhẹ nhàng , uyển chuyển', 1799000, 0, 'Đen', '2021-02-19', '0000-00-00', '0000-00-00', '5723de72-32ec-4ef3-80ef-dd69b8a5cff0', 1, 95, 0, 0, 0),
('V614006C', 'Nách Thô Đỏ Bong Tùng Nơ Eo', '2da01275-323d-42c2-a054-e1806157e15b', '', 1699000, 0, 'Đỏ', '2022-04-03', '0000-00-00', '0000-00-00', '5723de72-32ec-4ef3-80ef-dd69b8a5cff0', 1, 43, 0, 0, 0),
('V621006', 'Đầm Dáng Suông Kiểu Dáng Tay Lỡ Chất Thô Họa Tiết Kẻ Caro Đen Trắng Thiết Kế Cổ Ren', 'af6ad37b-d482-42dc-9f96-33c4275aec1d', '', 1699000, 0, 'Đen, Trắng', '2021-07-28', '0000-00-00', '0000-00-00', '5723de72-32ec-4ef3-80ef-dd69b8a5cff0', 1, 50, 0, 0, 0),
('V621007H', 'Đầm Suông Tay Dài Thô Xanh Cổ Tròn Nơ Cổ', 'fa8bdade-d801-4031-9bbc-ec3f8217cfd2', '', 1499000, 0, 'Lam sẫm', '2022-02-03', '0000-00-00', '0000-00-00', '5723de72-32ec-4ef3-80ef-dd69b8a5cff0', 1, 79, 0, 0, 0),
('V624002D', 'Đầm Dáng Suông  Kiểu Dáng Sát Nách Chất Liệu Dạ Màu Xanh Than Cổ 2 Vẹ', '660b255b-4051-43ee-aae7-f6f8393cecf8', '', 1599000, 0, 'Đen', '2021-04-23', '0000-00-00', '0000-00-00', '5723de72-32ec-4ef3-80ef-dd69b8a5cff0', 1, 18, 0, 0, 0),
('V631006C', 'Đầm Dáng Xòe Kiểu Dáng Tay Bồng Màu Đỏ', 'b2b121d2-4670-4bd3-89b4-45c953e4f2df', '', 1797000, 0, 'Đỏ', '2022-05-03', '0000-00-00', '0000-00-00', '5723de72-32ec-4ef3-80ef-dd69b8a5cff0', 1, 51, 0, 0, 0),
('V631008', 'Đầm Dáng Xòe Kiểu Dáng Tay Lỡ Màu Hồng', 'e8301319-d1f0-4b00-9a1d-0ae5ba50deac', 'Kiểu dáng: Đầm xòe cổ bẻ, giao 2 hàng khuy, tùng váy xếp ly', 1699000, 0, 'Hồng', '2022-03-15', '0000-00-00', '0000-00-00', '5723de72-32ec-4ef3-80ef-dd69b8a5cff0', 1, 67, 0, 0, 0),
('V631009D', 'Đầm Dáng Xòe  Kiểu Dáng Tay Dài Thô Xanh Than Cổ Bẻ Xếp Ly', '660b255b-4051-43ee-aae7-f6f8393cecf8', '', 1699000, 0, 'Đen', '2022-01-05', '0000-00-00', '0000-00-00', '5723de72-32ec-4ef3-80ef-dd69b8a5cff0', 1, 17, 0, 0, 0),
('V631010C', 'Đầm xòe Tay Lỡ Len Trắng Vằn Đen Mã', 'af6ad37b-d482-42dc-9f96-33c4275aec1d', '', 1799000, 0, 'Đen, Trắng', '2021-05-21', '0000-00-00', '0000-00-00', '5723de72-32ec-4ef3-80ef-dd69b8a5cff0', 1, 71, 0, 0, 0),
('V631012D', 'Đầm Dáng Xòe Kiểu Dáng Ôm Eo Chân Váy Xếp Ly', '660b255b-4051-43ee-aae7-f6f8393cecf8', '', 1, 0, 'Be', '2022-03-26', '0000-00-00', '0000-00-00', '5723de72-32ec-4ef3-80ef-dd69b8a5cff0', 1, 22, 0, 0, 0),
('V631013', 'Đầm Dáng Xòe Chất Liêu Lụa Thiết Kế Nền Trắng Họa Tiết Hoa', 'e8301319-d1f0-4b00-9a1d-0ae5ba50deac', '\"Đầm xòe lụa nền trắng họa tiết hoa', 1799000, 0, 'Be', '2022-09-15', '0000-00-00', '0000-00-00', '5723de72-32ec-4ef3-80ef-dd69b8a5cff0', 1, 10, 0, 0, 0),
('V631020H', 'Đầm Xòe Tay Dài Thun Đen Lom Tuyến Cổ Rộng', 'fa8bdade-d801-4031-9bbc-ec3f8217cfd2', '', 1699000, 0, 'Đen', '2021-10-17', '0000-00-00', '0000-00-00', '5723de72-32ec-4ef3-80ef-dd69b8a5cff0', 1, 90, 0, 0, 0),
('V641004C', 'Đầm Dáng Xòe Kiểu Dáng Dài Tay Màu Đỏ Cổ Tàu', 'b2b121d2-4670-4bd3-89b4-45c953e4f2df', '', 1597000, 0, 'Đỏ', '2021-07-19', '0000-00-00', '0000-00-00', '5723de72-32ec-4ef3-80ef-dd69b8a5cff0', 1, 33, 0, 0, 0),
('V641006', 'Đầm Cổ Tròn Màu Đỏ', 'e8301319-d1f0-4b00-9a1d-0ae5ba50deac', 'Kiểu dáng: Đầm dài ngang bắp chân , xếp ly tùng mềm mai\"', 1599000, 0, 'Đỏ', '2021-03-06', '0000-00-00', '0000-00-00', '5723de72-32ec-4ef3-80ef-dd69b8a5cff0', 1, 2, 0, 0, 0),
('V641007', 'Đầm Dáng Xòe Kiểu Dáng Tay Dài Chất Thô Nền Đen Hoa Trắng Thiết Kế Nhún Eo', 'af6ad37b-d482-42dc-9f96-33c4275aec1d', '', 1799000, 0, 'Đen, Trắng', '2022-05-06', '0000-00-00', '0000-00-00', '5723de72-32ec-4ef3-80ef-dd69b8a5cff0', 1, 35, 0, 0, 0),
('V641009', 'Đầm Dáng Xòe Kiểu Dáng Tay Dài Màu Be Thiết Kế Hoa Vàng Xanh Cổ Đức', 'af6ad37b-d482-42dc-9f96-33c4275aec1d', '', 1799000, 0, 'Be', '2021-08-13', '0000-00-00', '0000-00-00', '5723de72-32ec-4ef3-80ef-dd69b8a5cff0', 1, 65, 0, 0, 0),
('V644002C', 'Đầm Midi Sát Nách Màu Xanh Kiểu Dáng Nhún Eo', 'b2b121d2-4670-4bd3-89b4-45c953e4f2df', '', 1697000, 0, 'Xanh Thủy Tinh', '2021-04-15', '0000-00-00', '0000-00-00', '5723de72-32ec-4ef3-80ef-dd69b8a5cff0', 1, 93, 0, 0, 0),
('V700005', 'Chân Váy Dáng A Seven.AM Chất Liệu Dạ Xanh Kẻ Trắng Vàng', '660b255b-4051-43ee-aae7-f6f8393cecf8', 'Dáng blazer ngắn kết hợp quần short trên nền họa tiết kẻ caro mang đến sự trẻ trung và năng động. Bên cạnh đó thiết kế tay áo tinh tế với đường xẻ và mở rộng về phía tay, tạo nên sự nhịp nhàng cho tổng thể trang phục.', 699000, 0, 'Đen', '2021-07-19', '0000-00-00', '0000-00-00', 'b64902cb-b695-468d-8d53-06001076c4b1', 1, 69, 0, 0, 0),
('V710009C', 'Chân Váy Dáng Ôm Seven.AM Chất Liệu Dạ Họa Tiết Xanh Kẻ Đen', 'b2b121d2-4670-4bd3-89b4-45c953e4f2df', 'Kết hợp với một chiếc quần short cạp cao, crop blazer tạo nên set đồ chinh phục mọi ánh nhìn của phái đẹp.\"', 897000, 0, 'Lam sẫm', '2022-01-27', '0000-00-00', '0000-00-00', 'b64902cb-b695-468d-8d53-06001076c4b1', 1, 71, 0, 0, 0),
('V710014D', 'Chân Váy Ôm Thô Vàng Nâu Mix', 'fa8bdade-d801-4031-9bbc-ec3f8217cfd2', 'Hoàn toàn có thể kết hợp set đồ với áo mặc trong tối màu, một gợi ý nhỏ cho nàng đó là áo ren đi kèm để tạo nên set đồ hoàn chỉnh nhất.', 999000, 0, 'Nâu Tanin', '2021-09-17', '0000-00-00', '0000-00-00', 'b64902cb-b695-468d-8d53-06001076c4b1', 1, 71, 0, 0, 0),
('V730006', 'Chân Váy Seven.AM Dáng Xòe Chất Liệu Dạ Họa Tiết Xám Kẻ Đen Hồng', '660b255b-4051-43ee-aae7-f6f8393cecf8', '', 849000, 0, 'Xám, Trắng', '2022-07-19', '0000-00-00', '0000-00-00', 'b64902cb-b695-468d-8d53-06001076c4b1', 1, 45, 0, 0, 0),
('V800009C', 'Áo Khoác Blazer Màu Đen Họa Tiết Kẻ Trắng', 'b2b121d2-4670-4bd3-89b4-45c953e4f2df', '', 949000, 0, 'Đen, Trắng', '2021-02-24', '0000-00-00', '0000-00-00', '75d3d892-092f-40f0-a5d2-0e363e467bc7', 1, 71, 0, 0, 0),
('V850004C', 'Áo Blazer Thô Vàng Nâu Túi Cơi Mix', 'fa8bdade-d801-4031-9bbc-ec3f8217cfd2', 'Đầm xòe trễ vai, nơ ngực to bản. Màu sắc: Vàng gold sang trọng, quý phái. Phù hợp cho các buổi tiệc tối, những cuộc dạo chơi,.', 1499000, 0, 'Nâu', '2022-01-14', '0000-00-00', '0000-00-00', '75d3d892-092f-40f0-a5d2-0e363e467bc7', 1, 59, 0, 0, 0),
('V850009', 'Quần Dài Thô Nâu Túi Chéo', '2da01275-323d-42c2-a054-e1806157e15b', '', 279000, 0, 'Nâu Tanin', '2021-11-28', '0000-00-00', '0000-00-00', '4b998999-afd6-4625-9380-80607a942368', 1, 62, 0, 0, 0),
('Y331002', 'Áo Khoác Dài Tay Seven.AM Dạ Họa Tiết Caro', '264618c0-6ba0-4b53-a962-50db3e8ae46e', '', 1498000, 0, 'Be', '2021-11-20', '0000-00-00', '0000-00-00', '75d3d892-092f-40f0-a5d2-0e363e467bc7', 1, 71, 0, 0, 0),
('Y33407A', 'Áo Vest Seven.AM Kiểu Dáng Tay Lỡ Chất Liệu Dạ Họa Tiết Caro Đen Trắng', '264618c0-6ba0-4b53-a962-50db3e8ae46e', '', 849000, 0, 'Đen, Trắng', '2021-06-06', '0000-00-00', '0000-00-00', '75d3d892-092f-40f0-a5d2-0e363e467bc7', 1, 100, 0, 0, 0),
('Y33407B', 'Áo Vest Seven.AM Dáng Lửng Thiết Kế Tay Lỡ Chất Liệu Dạ Họa Tiết Caro', '264618c0-6ba0-4b53-a962-50db3e8ae46e', '', 1099000, 0, 'Xám', '2022-04-29', '0000-00-00', '0000-00-00', '75d3d892-092f-40f0-a5d2-0e363e467bc7', 1, 46, 0, 0, 0),
('Y401014C', 'Áo Khoác Manto Dài Tay Dài Dạ Vàng Nâu Xẻ Sau Cổ Lông Mã', '494a1e4a-fe18-4c72-ab1e-ceff83cdd1dc', '', 897000, 0, 'Nâu', '2021-05-20', '0000-00-00', '0000-00-00', '75d3d892-092f-40f0-a5d2-0e363e467bc7', 1, 33, 0, 0, 0),
('Y720002', 'Chân Váy Dáng A Seven.AM Chất Liệu Lụa Kiểu Dáng Tà Bung Màu Đen', 'e8301319-d1f0-4b00-9a1d-0ae5ba50deac', '', 849000, 0, 'Đen, Vàng', '2021-05-28', '0000-00-00', '0000-00-00', 'b64902cb-b695-468d-8d53-06001076c4b1', 1, 94, 0, 0, 0),
('Y720003', 'Chân Váy Dáng Ôm Seven.AM Màu Đen', '742818da-be6b-44bb-beec-96be7a251836', '\"THIẾT KẾ SANG TRỌNG CHO QUÝ CÔ YÊU THÍCH SỰ CỔ ĐIỂN', 897000, 0, 'Đỏ', '2022-11-12', '0000-00-00', '0000-00-00', 'b64902cb-b695-468d-8d53-06001076c4b1', 1, 93, 0, 0, 0),
('Y81269', 'Quần Short Seven.AM Chất Liệu Dạ Họa Tiết Caro Ô Đen Kẻ Trắng', '264618c0-6ba0-4b53-a962-50db3e8ae46e', '\"Set đồ xinh đẹp này đang trở thành hot items tại Seven.AM vì thiết kế đặc biệt và vô cùng trendy của mình.', 897000, 0, 'Đen', '2021-08-16', '0000-00-00', '0000-00-00', '4b998999-afd6-4625-9380-80607a942368', 1, 57, 0, 0, 0),
('Y81269F', 'Quần Short Seven.AM Chất Liệu Dạ Họa Tiết Caro', '264618c0-6ba0-4b53-a962-50db3e8ae46e', '', 699000, 0, 'Xám', '2021-09-05', '0000-00-00', '0000-00-00', '4b998999-afd6-4625-9380-80607a942368', 1, 85, 0, 0, 0),
('Z04892', 'Chân Váy Bút Chì Đỏ', 'cd4ec4de-cb87-4aed-8ad5-665f6083b3ba', 'Kiểu dáng: ​đầm thiết kế dáng chữ A chiết eo nhẹ, tone màu trắng kem, tay dài bồng nhẹ', 659000, 0, 'Đỏ', '2022-10-24', '0000-00-00', '0000-00-00', '89785699-ccdb-4431-85ba-f086d905d6c2', 1, 77, 0, 0, 0),
('Z05552', 'Chân Váy Chấm Bi', 'cd4ec4de-cb87-4aed-8ad5-665f6083b3ba', '\"Chất liệu: vải tổng hợp cao cấp', 559000, 0, 'Đen', '2021-04-09', '0000-00-00', '0000-00-00', '89785699-ccdb-4431-85ba-f086d905d6c2', 1, 46, 0, 0, 0),
('Z05592', 'Chân Váy Bút Chì', 'cd4ec4de-cb87-4aed-8ad5-665f6083b3ba', 'Phù hợp: đi làm, sự kiện, hay đi dạo phố, tạo vẻ thanh lịch cho người mặc.\"', 599000, 0, 'Trắng', '2022-01-18', '0000-00-00', '0000-00-00', '89785699-ccdb-4431-85ba-f086d905d6c2', 1, 51, 0, 0, 0),
('Z05722', 'Chân Váy Thiết Kế', 'cd4ec4de-cb87-4aed-8ad5-665f6083b3ba', 'Kiểu dáng: ​đầm thiết kế dáng chữ A dài qua gối, tone màu đỏ trơn, vai bồng, phần eo đính cách điệu', 599000, 0, 'Đen', '2021-09-01', '0000-00-00', '0000-00-00', '89785699-ccdb-4431-85ba-f086d905d6c2', 1, 78, 0, 0, 0),
('Z05732', 'Chân Váy Bút Chì', 'cd4ec4de-cb87-4aed-8ad5-665f6083b3ba', 'Kiểu dáng: ​đầm thiết kế dáng chữ A dài qua gối, tone màu đỏ trơn, vai bồng, phần eo đính cách điệu', 893000, 0, 'Chàm', '2022-08-02', '0000-00-00', '0000-00-00', '89785699-ccdb-4431-85ba-f086d905d6c2', 1, 19, 0, 0, 0),
('Z05992', 'Chân Váy Chữ A', 'cd4ec4de-cb87-4aed-8ad5-665f6083b3ba', '\"Chất liệu: vải tổng hợp cao cấp', 499000, 0, 'Hồng', '2022-03-25', '0000-00-00', '0000-00-00', '89785699-ccdb-4431-85ba-f086d905d6c2', 1, 23, 0, 0, 0),
('Z06042', 'Chân Váy Đuôi Cá Dáng Ngắn', 'cd4ec4de-cb87-4aed-8ad5-665f6083b3ba', 'Phù hợp: đi làm, sự kiện, hay đi dạo phố, tạo vẻ thanh lịch cho người mặc.\"', 599000, 0, 'Đen', '2022-11-18', '0000-00-00', '0000-00-00', '89785699-ccdb-4431-85ba-f086d905d6c2', 1, 96, 0, 0, 0),
('Z06372', 'Chân Váy Xếp Ly', 'cd4ec4de-cb87-4aed-8ad5-665f6083b3ba', 'Kiểu dáng: ​đầm thiết kế dáng chữ A dài qua gối, tone màu đen trơn, vai bồng, phần eo đính cách điệu', 659000, 0, 'Bạc', '2022-09-17', '0000-00-00', '0000-00-00', '89785699-ccdb-4431-85ba-f086d905d6c2', 1, 76, 0, 0, 0),
('Z06402', 'Chân Váy Bút Chì', 'cd4ec4de-cb87-4aed-8ad5-665f6083b3ba', 'Kiểu dáng: đầm thiết kế dáng suông dài qua gối kết hợp họa tiết nổi bật', 699000, 0, 'Nâu Tanin', '2021-04-27', '0000-00-00', '0000-00-00', '89785699-ccdb-4431-85ba-f086d905d6c2', 1, 86, 0, 0, 0),
('Z08122', 'Chân Váy Kẻ Phối Nơ', 'cd4ec4de-cb87-4aed-8ad5-665f6083b3ba', '\"Chất liệu: vải tổng hợp cao cấp', 459000, 0, 'Bạc', '2021-10-27', '0000-00-00', '0000-00-00', '89785699-ccdb-4431-85ba-f086d905d6c2', 1, 28, 0, 0, 0),
('Z08132', 'Chân Váy Xẻ Tà', 'cd4ec4de-cb87-4aed-8ad5-665f6083b3ba', '\"Chất liệu: vải tổng hợp cao cấp', 559000, 0, 'Đen', '2022-02-14', '0000-00-00', '0000-00-00', '89785699-ccdb-4431-85ba-f086d905d6c2', 1, 90, 0, 0, 0),
('Z08492', 'Chân Váy Thiết Kế', 'cd4ec4de-cb87-4aed-8ad5-665f6083b3ba', 'Kiểu dáng: ​đầm liền thiết kế dài tay, tone màu đỏ trơn, cổ vest 2 ve, vai bồng nhẹ', 659000, 0, 'Đen', '2022-06-24', '0000-00-00', '0000-00-00', '89785699-ccdb-4431-85ba-f086d905d6c2', 1, 17, 0, 0, 0),
('Z08562', 'Chân Váy Xếp Ly Họa Tiết', 'cd4ec4de-cb87-4aed-8ad5-665f6083b3ba', 'Kiểu dáng: ​đầm thiết kế tone màu đỏ trơn, kết hợp tay voan kính, chiết eo nhẹ', 759000, 0, 'Đen', '2021-04-03', '0000-00-00', '0000-00-00', '89785699-ccdb-4431-85ba-f086d905d6c2', 1, 24, 0, 0, 0),
('Z08612', 'Chân Váy Thiết Kế', 'cd4ec4de-cb87-4aed-8ad5-665f6083b3ba', '\"Chất liệu: vải nhung cao cấp', 599000, 0, 'Đen', '2022-02-08', '0000-00-00', '0000-00-00', '89785699-ccdb-4431-85ba-f086d905d6c2', 1, 15, 0, 0, 0),
('Z08642', 'Chân Váy Dáng Ngắn', 'cd4ec4de-cb87-4aed-8ad5-665f6083b3ba', 'Phù hợp: đi làm, sự kiện, hay đi dạo phố, tạo vẻ thanh lịch cho người mặc.\"', 659000, 0, 'Xám', '2021-09-20', '0000-00-00', '0000-00-00', '89785699-ccdb-4431-85ba-f086d905d6c2', 1, 75, 0, 0, 0),
('Z08832', 'Chân Váy MIDI', 'cd4ec4de-cb87-4aed-8ad5-665f6083b3ba', '\"Chất liệu: vải tổng hợp cao cấp', 599000, 0, 'Đen', '2022-03-23', '0000-00-00', '0000-00-00', '89785699-ccdb-4431-85ba-f086d905d6c2', 1, 96, 0, 0, 0),
('Z08992', 'Chân Váy Dáng Chữ A', 'cd4ec4de-cb87-4aed-8ad5-665f6083b3ba', 'Phù hợp: đi làm, sự kiện, hay đi dạo phố, tạo vẻ trẻ trung nữ tính cho người mặc.\"', 839000, 0, 'Trắng', '2022-11-08', '0000-00-00', '0000-00-00', '89785699-ccdb-4431-85ba-f086d905d6c2', 1, 85, 0, 0, 0),
('Z09042', 'Chân Váy MIDI', 'cd4ec4de-cb87-4aed-8ad5-665f6083b3ba', '\"Chất liệu: vải nhung cao cấp', 599000, 0, 'Chàm', '2022-05-22', '0000-00-00', '0000-00-00', '89785699-ccdb-4431-85ba-f086d905d6c2', 1, 4, 0, 0, 0),
('Z09122', 'Chân Váy Xếp Ly', 'cd4ec4de-cb87-4aed-8ad5-665f6083b3ba', 'Kiểu dáng: đầm thiết kế dáng ôm dài qua gối, kết hợp họa tiết da beo ', 699000, 0, 'Đen', '2021-01-11', '0000-00-00', '0000-00-00', '89785699-ccdb-4431-85ba-f086d905d6c2', 1, 26, 0, 0, 0),
('Z09152', 'Chân Váy Thiết Kế', 'cd4ec4de-cb87-4aed-8ad5-665f6083b3ba', 'Kiểu dáng: đầm thiết kế dáng sơ mi cổ vẻ, tone màu nâu be trơn kết hợp dây đai cùng tone màu', 859000, 0, 'Be', '2021-08-18', '0000-00-00', '0000-00-00', '89785699-ccdb-4431-85ba-f086d905d6c2', 1, 67, 0, 0, 0),
('Z09292', 'Chân Váy Dáng Chữ A', 'cd4ec4de-cb87-4aed-8ad5-665f6083b3ba', '\"Chất liệu: vải tổng hợp cao cấp', 599000, 0, 'San Hô', '2021-10-02', '0000-00-00', '0000-00-00', '89785699-ccdb-4431-85ba-f086d905d6c2', 1, 99, 0, 0, 0),
('Z09312', 'Chân Váy Chữ A', 'cd4ec4de-cb87-4aed-8ad5-665f6083b3ba', 'Phù hợp: đi làm, sự kiện, hay đi dạo phố, tạo vẻ thanh lịch cho người mặc.\"', 759000, 0, 'Kem', '2022-01-14', '0000-00-00', '0000-00-00', '89785699-ccdb-4431-85ba-f086d905d6c2', 1, 65, 0, 0, 0),
('Z09612A', 'Chân Váy Nâu', 'cd4ec4de-cb87-4aed-8ad5-665f6083b3ba', 'Phù hợp: đi làm, hay đi dạo phố, tạo vẻ trẻ trung cho người mặc.\"', 659000, 0, 'Nâu', '2021-07-29', '0000-00-00', '0000-00-00', '89785699-ccdb-4431-85ba-f086d905d6c2', 1, 65, 0, 0, 0),
('Z09612B', 'Chân Váy Hồng', 'cd4ec4de-cb87-4aed-8ad5-665f6083b3ba', '\"Chất liệu: vải tổng hợp cao cấp', 699000, 0, 'Nâu Tanin', '2022-05-16', '0000-00-00', '0000-00-00', '89785699-ccdb-4431-85ba-f086d905d6c2', 1, 42, 0, 0, 0),
('Z09722', 'Chân Váy Dáng Chữ A', 'cd4ec4de-cb87-4aed-8ad5-665f6083b3ba', 'Phù hợp: đi làm, sự kiện, hay đi dạo phố, tạo vẻ trẻ trung nữ tính cho người mặc.\"', 699000, 0, 'Vàng', '2021-09-21', '0000-00-00', '0000-00-00', '89785699-ccdb-4431-85ba-f086d905d6c2', 1, 85, 0, 0, 0),
('Z09752', 'Chân Váy Chấm Bi', 'cd4ec4de-cb87-4aed-8ad5-665f6083b3ba', 'Kiểu dáng: ​đầm thiết kế hạ eo, cổ bẻ, kèm đai thắt eo như hình', 759000, 0, 'Đen', '2021-04-10', '0000-00-00', '0000-00-00', '89785699-ccdb-4431-85ba-f086d905d6c2', 1, 68, 0, 0, 0),
('Z09812', 'Chân Váy Hoa Thêu', 'cd4ec4de-cb87-4aed-8ad5-665f6083b3ba', '\"Chất liệu: vải nhung cao cấp', 599000, 0, 'Trắng, Hồng', '2021-09-24', '0000-00-00', '0000-00-00', '89785699-ccdb-4431-85ba-f086d905d6c2', 1, 79, 0, 0, 0),
('Z09832', 'Chân Váy Da Khóa Trước', 'cd4ec4de-cb87-4aed-8ad5-665f6083b3ba', 'Kiểu dáng: đầm thiết kế dáng chữ A dài qua gối, tone màu đỏ kết hợp họa tiết kẻ, tay bồng nhẹ', 699000, 0, 'Đen', '2022-04-22', '0000-00-00', '0000-00-00', '89785699-ccdb-4431-85ba-f086d905d6c2', 1, 29, 0, 0, 0),
('Z09862', 'Chân Váy MIDI', 'cd4ec4de-cb87-4aed-8ad5-665f6083b3ba', '\"Chất liệu: vải tổng hợp cao cấp', 699000, 0, 'Đen', '2021-05-28', '0000-00-00', '0000-00-00', '89785699-ccdb-4431-85ba-f086d905d6c2', 1, 18, 0, 0, 0),
('Z10152', 'Chân Váy Nhung Đỏ', 'cd4ec4de-cb87-4aed-8ad5-665f6083b3ba', '\"Chất liệu: vải tổng hợp cao cấp', 759000, 0, 'Đỏ', '2021-01-13', '0000-00-00', '0000-00-00', '89785699-ccdb-4431-85ba-f086d905d6c2', 1, 63, 0, 0, 0),
('Z10192', 'Chân Váy Da Dáng Ôm', 'cd4ec4de-cb87-4aed-8ad5-665f6083b3ba', 'Phù hợp: đi làm, sự kiện, hay đi dạo phố, tạo vẻ trẻ trung nữ tính cho người mặc.\"', 699000, 0, 'Đen', '2021-11-29', '0000-00-00', '0000-00-00', '89785699-ccdb-4431-85ba-f086d905d6c2', 1, 39, 30, 0, 0),
('Z10212', 'Chân Váy Da Beo', 'cd4ec4de-cb87-4aed-8ad5-665f6083b3ba', 'Phù hợp: đi làm, sự kiện, hay đi dạo phố, tạo vẻ trẻ trung nữ tính cho người mặc.\"', 559000, 0, 'Hổ Phách, Đen', '2022-08-16', '0000-00-00', '0000-00-00', '89785699-ccdb-4431-85ba-f086d905d6c2', 1, 56, 28, 0, 0),
('Z10262', 'Chân Váy Da', 'cd4ec4de-cb87-4aed-8ad5-665f6083b3ba', 'Phù hợp: đi làm, sự kiện, hay đi dạo phố, tạo vẻ trẻ trung nữ tính cho người mặc.\"', 659000, 0, 'Nâu', '2022-08-09', '0000-00-00', '0000-00-00', '89785699-ccdb-4431-85ba-f086d905d6c2', 1, 5, 1, 0, 0),
('Z10552A', 'Chân Váy Nhung', 'cd4ec4de-cb87-4aed-8ad5-665f6083b3ba', '\"Chất liệu: vải len cao cấp', 759000, 0, 'Nâu Tanin', '2021-06-04', '0000-00-00', '0000-00-00', '89785699-ccdb-4431-85ba-f086d905d6c2', 1, 86, 21, 0, 0),
('Z10552B', 'Chân Váy Nhung', 'cd4ec4de-cb87-4aed-8ad5-665f6083b3ba', 'Kiểu dáng: đầm thiết kế dáng chữ A dài qua gối, tone màu be kết hợp họa tiết chấm bi ', 559000, 0, 'Tím', '2022-04-26', '0000-00-00', '0000-00-00', '89785699-ccdb-4431-85ba-f086d905d6c2', 1, 97, 67, 0, 0),
('Z10772', 'Chân Váy Dạ Xếp Ly', 'cd4ec4de-cb87-4aed-8ad5-665f6083b3ba', 'Phù hợp: đi làm, sự kiện, hay đi dạo phố, tạo vẻ trẻ trung nữ tính cho người mặc.\"', 599000, 0, 'Đen, Trắng', '2022-04-19', '0000-00-00', '0000-00-00', '89785699-ccdb-4431-85ba-f086d905d6c2', 1, 30, 87, 0, 0),
('Z10782', 'Chân Váy Nhung Xếp Ly', 'cd4ec4de-cb87-4aed-8ad5-665f6083b3ba', 'Kiểu dáng: đầm liền thiết kế dáng chữ A dài qua gối, phần thân tone màu đen kết hợp chân váy họa tiết da beo', 659000, 0, 'Nâu', '2021-04-27', '0000-00-00', '0000-00-00', '89785699-ccdb-4431-85ba-f086d905d6c2', 1, 74, 62, 0, 0),
('Z10852', 'Chân Váy ', 'cd4ec4de-cb87-4aed-8ad5-665f6083b3ba', 'Kiểu dáng: đầm thiết kế dáng ôm, tone màu đen kết hợp họa tiết hoa in sắc nét', 659000, 0, 'Nâu', '2022-11-14', '0000-00-00', '0000-00-00', '89785699-ccdb-4431-85ba-f086d905d6c2', 1, 23, 8, 0, 0),
('Z10882', 'Chân Váy Xếp Ly', 'cd4ec4de-cb87-4aed-8ad5-665f6083b3ba', 'Kiểu dáng: ​đầm thiết kế dài tay, dáng chữ dài qua gối, tone màu đen trơn, cổ tròn đính đá ', 699000, 0, 'Đen', '2022-07-23', '0000-00-00', '0000-00-00', '89785699-ccdb-4431-85ba-f086d905d6c2', 1, 13, 54, 0, 0),
('Z11212', 'Chân Váy Nhung Thiết Kế', 'cd4ec4de-cb87-4aed-8ad5-665f6083b3ba', '\"Chất liệu: vải len cao cấp', 799000, 0, 'Đen', '2022-05-16', '0000-00-00', '0000-00-00', '89785699-ccdb-4431-85ba-f086d905d6c2', 1, 11, 50, 0, 0),
('Z11222', 'Chân Váy Dáng A', 'cd4ec4de-cb87-4aed-8ad5-665f6083b3ba', 'Phù hợp: đi làm, sự kiện, hay đi dạo phố, tạo vẻ trẻ trung nữ tính cho người mặc.\"', 1696000, 0, 'Nâu', '2021-05-05', '0000-00-00', '0000-00-00', '89785699-ccdb-4431-85ba-f086d905d6c2', 1, 28, 2, 0, 0),
('Z16011A', 'Áo Nhũ đen cổ 3p dài tay', '264618c0-6ba0-4b53-a962-50db3e8ae46e', '\"Họa tiết kẻ caro đang hot trở lại vào những ngày giao mùa với sức hút đặc biệt chưa bao giờ thuyên giảm của nó. Bên cạnh sự thanh lịch khi ứng dụng trong thiết kế áo blazer, họa tiết kẻ caro bản to còn vô cùng hiệu quả trong việc mang lại nét trẻ trung và năng động cho các quý cô.', 299000, 0, 'Đen', '2022-02-18', '0000-00-00', '0000-00-00', '75d3d892-092f-40f0-a5d2-0e363e467bc7', 1, 99, 61, 0, 0),
('Z16981', 'Chân Váy Dáng A', 'cd4ec4de-cb87-4aed-8ad5-665f6083b3ba', '\"Chất liệu: vải gấm tafta cao cấp', 936000, 0, 'Trắng', '2022-02-09', '0000-00-00', '0000-00-00', '89785699-ccdb-4431-85ba-f086d905d6c2', 1, 17, 23, 0, 0),
('Z25372', 'Chân Váy Dáng Chữ A', 'cd4ec4de-cb87-4aed-8ad5-665f6083b3ba', 'Phù hợp: đi làm, sự kiện, hay đi dạo phố, tạo vẻ thanh lịch cho người mặc.\"', 659000, 0, 'Nâu', '2021-01-12', '0000-00-00', '0000-00-00', '89785699-ccdb-4431-85ba-f086d905d6c2', 1, 18, 46, 0, 0),
('Z67052A', 'Chân Váy JEANS', 'cd4ec4de-cb87-4aed-8ad5-665f6083b3ba', 'Phù hợp: đi làm, sự kiện, hay đi dạo phố, tạo vẻ trẻ trung nữ tính cho người mặc.\"', 759000, 0, 'Chàm', '2021-09-18', '0000-00-00', '0000-00-00', '89785699-ccdb-4431-85ba-f086d905d6c2', 1, 55, 95, 0, 0),
('Z67052B', 'Chân Váy JEANS', 'cd4ec4de-cb87-4aed-8ad5-665f6083b3ba', '\"Chất liệu: vải tổng hợp cao cấp', 659000, 0, 'Xanh Crom', '2022-10-02', '0000-00-00', '0000-00-00', '89785699-ccdb-4431-85ba-f086d905d6c2', 1, 37, 58, 0, 0),
('Z80012', 'Chân Váy Chấm Bi', 'cd4ec4de-cb87-4aed-8ad5-665f6083b3ba', 'Phù hợp: đi làm, sự kiện, hay đi dạo phố, tạo vẻ thanh lịch cho người mặc.\"', 599000, 0, 'Đen', '2022-02-24', '0000-00-00', '0000-00-00', '89785699-ccdb-4431-85ba-f086d905d6c2', 1, 93, 39, 0, 0),
('Z80182', 'Chân Váy MIDI', 'cd4ec4de-cb87-4aed-8ad5-665f6083b3ba', 'Phù hợp: đi làm, sự kiện, hay đi dạo phố, tạo vẻ thanh lịch cho người mặc.\"', 499500, 0, 'Hổ Phách', '2021-09-22', '0000-00-00', '0000-00-00', '89785699-ccdb-4431-85ba-f086d905d6c2', 1, 64, 21, 0, 0),
('Z80322', 'Chân Váy Thiết Kế', 'cd4ec4de-cb87-4aed-8ad5-665f6083b3ba', 'Kiểu dáng: ​đầm thiết kế dáng ôm dài qua gối tone màu đỏ trơn, tay lỡ bo chun, đính hoa thêu', 659000, 0, 'Đen', '2021-04-16', '0000-00-00', '0000-00-00', '89785699-ccdb-4431-85ba-f086d905d6c2', 1, 42, 98, 0, 0);

-- --------------------------------------------------------

--
-- Cấu trúc bảng cho bảng `quangcao`
--

CREATE TABLE `quangcao` (
  `id` varchar(255) DEFAULT NULL,
  `tieude` varchar(500) NOT NULL,
  `mota` text NOT NULL,
  `urlImg` varchar(500) NOT NULL,
  `url` varchar(255) NOT NULL
) ENGINE=InnoDB DEFAULT CHARSET=utf8;

--
-- Đang đổ dữ liệu cho bảng `quangcao`
--

INSERT INTO `quangcao` (`id`, `tieude`, `mota`, `urlImg`, `url`) VALUES
('83477abc-1a90-4ae6-8d69-bbd6521ddf4f', '', '', 'http://localhost:8080/Shopping/img/quangcao/slider2.jpg', 'product'),
('7a9bf70d-f828-4dd5-b66c-954164ca6a79', '', '', 'http://localhost:8080/Shopping/img/quangcao/slider1.jpg', 'product'),
('4abb2558-52e9-4556-ac3d-975599efd35d', '', '', 'http://localhost:8080/Shopping/img/quangcao/slider3.jpg', 'product'),
('4f5cc73b-abc0-4c6d-9b73-0ca679668407', '', '', 'http://localhost:8080/Shopping/img/quangcao/slider4.jpg', 'product');

-- --------------------------------------------------------

--
-- Cấu trúc bảng cho bảng `users`
--

CREATE TABLE `users` (
  `ID` varchar(255) NOT NULL,
  `USERNAME` varchar(50) NOT NULL,
  `USERPASSWORD` varchar(500) NOT NULL,
  `USERMAIL` varchar(50) DEFAULT NULL,
  `ROLE` int(11) NOT NULL,
  `VERICAIONCODE` varchar(255) DEFAULT NULL,
  `DATEREGISTER` bigint(20) DEFAULT NULL,
  `ISVIRIFICATION` int(11) NOT NULL
) ENGINE=InnoDB DEFAULT CHARSET=utf8;

--
-- Đang đổ dữ liệu cho bảng `users`
--

INSERT INTO `users` (`ID`, `USERNAME`, `USERPASSWORD`, `USERMAIL`, `ROLE`, `VERICAIONCODE`, `DATEREGISTER`, `ISVIRIFICATION`) VALUES
('54509009-ee7b-4451-a490-93b06eae1b63', 'linh', '3c9909afec25354d551dae21590bb26e38d53f2173b8d3dc3eee4c047e7ab1c1eb8b85103e3be7ba613b31bb5c9c36214dc9f14a42fd7a2fdb84856bca5c44c2', 'hackcoquanglinh2000@gmail.com', 1, 'f1350c34-1d4a-4b2c-9b1b-310fbfebf26c', 1640834307805, 0),
('9fcdc32f-80b4-44c1-8470-69f1ff4ead65', 'trong', '3c9909afec25354d551dae21590bb26e38d53f2173b8d3dc3eee4c047e7ab1c1eb8b85103e3be7ba613b31bb5c9c36214dc9f14a42fd7a2fdb84856bca5c44c2', '19130249@st.hcmuaf.edu.vn', 1, '2b07a1ec-ef63-47f9-9694-a9360c5a6e8d', 1640834655915, 0);

--
-- Chỉ mục cho các bảng đã đổ
--

--
-- Chỉ mục cho bảng `bosutap`
--
ALTER TABLE `bosutap`
  ADD PRIMARY KEY (`IdBST`);

--
-- Chỉ mục cho bảng `hinhanh`
--
ALTER TABLE `hinhanh`
  ADD KEY `IDSP` (`IDSP`);

--
-- Chỉ mục cho bảng `loaisp`
--
ALTER TABLE `loaisp`
  ADD PRIMARY KEY (`IDLOAI`);

--
-- Chỉ mục cho bảng `products`
--
ALTER TABLE `products`
  ADD PRIMARY KEY (`MASP`),
  ADD KEY `khoangoai1pro` (`IDBoSuuTap`),
  ADD KEY `khoangoai2pro` (`LOAISP`);

--
-- Chỉ mục cho bảng `users`
--
ALTER TABLE `users`
  ADD PRIMARY KEY (`ID`),
  ADD UNIQUE KEY `USERNAME` (`USERNAME`),
  ADD UNIQUE KEY `USERMAIL` (`USERMAIL`);

--
-- Các ràng buộc cho các bảng đã đổ
--

--
-- Các ràng buộc cho bảng `hinhanh`
--
ALTER TABLE `hinhanh`
  ADD CONSTRAINT `hinhanh_ibfk_1` FOREIGN KEY (`IDSP`) REFERENCES `products` (`MASP`);

--
-- Các ràng buộc cho bảng `products`
--
ALTER TABLE `products`
  ADD CONSTRAINT `khoangoai1pro` FOREIGN KEY (`IDBoSuuTap`) REFERENCES `bosutap` (`IdBST`),
  ADD CONSTRAINT `khoangoai2pro` FOREIGN KEY (`LOAISP`) REFERENCES `loaisp` (`IDLOAI`);
COMMIT;

/*!40101 SET CHARACTER_SET_CLIENT=@OLD_CHARACTER_SET_CLIENT */;
/*!40101 SET CHARACTER_SET_RESULTS=@OLD_CHARACTER_SET_RESULTS */;
/*!40101 SET COLLATION_CONNECTION=@OLD_COLLATION_CONNECTION */;
